Workbook

Sheet 비교표
A1: 안양물류센터 패키지보험 예상 보험료 — Case 1(기존안) vs Case 2(재조달원가·공사기간 기준)
A2: 동일 요율 적용 (Sec I 0.49%, Sec III 0.49% — 기존 견적서 역산). 보험기간 1년, 창고(상온 100%), 단위: 원
A4: 담보구분 | B4: 항목 | C4: Case 1 가입금액·조건 | D4: Case 1 보험료 | E4: Case 2 가입금액·조건 | F4: Case 2 보험료 | G4: 증감(보험료) | H4: 증감률 | I4: Case 2 산정 기준
A5: Sec I. 재물손해 (PAR) | B5: 보험가입금액 (건물·부속설비) | C5: =산정근거!C7 | D5: =산정근거!C8 | E5: =산정근거!C22 | F5: =ROUND(E5*산정근거!C9,0) | G5: =F5-D5 | H5: =IF(D5=0,"-",F5/D5-1) | I5: 미래새한 감정서 건물 재조달원가, 요율 Case1 동일
B6: 자기부담금 (1사고당) | C6: 10% of claim, Min. 1억 | E6: 10% of claim, Min. 1억 | I6: Case1 동일
A7: Sec II. 기계손해 (MB) | B7: 보험가입금액 | C7: Included in PAR | D7: 0 | E7: Included in PAR | F7: 0 | G7: =F7-D7 | H7: =IF(D7=0,"-",F7/D7-1) | I7: Case1 동일
A8: Sec III. 기업휴지 (BI&MLOP) | B8: 보험가입금액 (매출액·임대료) | C8: =산정근거!C10 | D8: =산정근거!C11 | E8: =산정근거!C14*E9 | F8: =ROUND(E8*산정근거!C12,0) | G8: =F8-D8 | H8: =IF(D8=0,"-",F8/D8-1) | I8: 월 임대료 × 보상기간, 요율 Case1 동일
B9: 보상기간 (개월) | C9: =산정근거!C13 | E9: =산정근거!C27 | I9: 준공 당시 공사기간(2021.3.26~2023.11.24)
B10: 공제기간 | C10: 7일 | E10: 7일 | I10: Case1 동일
A11: Sec IV. 배상책임 (GL) | B11: 시설소유자 50억 / 임차인재고자산 30억 | C11: 5,000,000,000 / 3,000,000,000 | D11: 7000000 | E11: 5,000,000,000 / 3,000,000,000 | F11: 7000000 | G11: =F11-D11 | H11: =IF(D11=0,"-",F11/D11-1) | I11: Case1 동일
A12: 승강기배상책임 | B12: 법정 보상한도 | C12: 법정 | D12: 146700 | E12: 법정 | F12: 146700 | G12: =F12-D12 | H12: =IF(D12=0,"-",F12/D12-1) | I12: Case1 동일
A13: 전기차충전시설배상책임 | B13: 법정 보상한도 | C13: 법정 | D13: 20000 | E13: 법정 | F13: 20000 | G13: =F13-D13 | H13: =IF(D13=0,"-",F13/D13-1) | I13: Case1 동일
A14: 가스배상책임 | B14: 법정 보상한도 | C14: 법정 | D14: 20000 | E14: 법정 | F14: 20000 | G14: =F14-D14 | H14: =IF(D14=0,"-",F14/D14-1) | I14: Case1 동일
A15: 합계 | D15: =SUM(D5:D14) | F15: =SUM(F5:F14) | G15: =F15-D15 | H15: =F15/D15-1
A17: 구분 | B17: 항목 | C17: Case 1 | E17: Case 2 | G17: 증감 | H17: 증감률 | I17: 비고
A18: 평당 보험료 | B18: 연간 (원/평·년) | C18: =D15/산정근거!$C$6 | E18: =F15/산정근거!$C$6 | G18: =E18-C18 | H18: =IF(C18=0,"-",E18/C18-1) | I18: 연면적 28,881평 기준
B19: 월간 (원/평·월) | C19: =C18/12 | E19: =E18/12 | G19: =E19-C19 | H19: =IF(C19=0,"-",E19/C19-1) | I19: 기준 재무모델 A&R L72 단위(월 평당)와 동일
B20: 연간 (원/㎡·년) | C20: =D15/산정근거!$C$4 | E20: =F15/산정근거!$C$4 | G20: =E20-C20 | H20: =IF(C20=0,"-",E20/C20-1) | I20: 연면적 95,474.59㎡
A21: 부보율 | B21: PAR 가입금액 ÷ 건물 재조달원가 | C21: =C5/산정근거!$C$22 | E21: =E5/산정근거!$C$22 | G21: =E21-C21 | I21: Case1은 재조달원가의 약 81% → 비례보상 적용 가능성
A22: BI | B22: 보상기간 (개월) | C22: =C9 | E22: =E9 | G22: =E22-C22 | H22: =IF(C22=0,"-",E22/C22-1)
A23: 재무모델 영향 | B23: 1차년도 보험료 − 모델 반영액 | C23: =D15-산정근거!$C$28 | E23: =F15-산정근거!$C$28 | G23: =E23-C23 | H23: =IF(C23=0,"-",E23/C23-1) | I23: 모델(742.28백만) = Case1
A25: ※ Case 2는 보험사 견적이 아닌 동일 요율 가정의 추정치이며, 실제 요율은 가입금액 증가·보상기간 연장에 따라 보험사 인수심사로 달라질 수 있음. 자기부담금·배상책임 한도는 Case 1과 동일 가정.
A26: ※ 출처: 기존 견적서(첨부 이미지), 미래새한 감정평가서(2026.09) 건물 재조달원가, CBRE 물리실사(착공 2021.3.26·사용승인 2023.11.24), 기준 재무모델 v02 A&R L72.

Sheet 산정근거
A1: 산정 근거 (노란 셀 = 입력값)
A3: 구분 | B3: 항목 | C3: 값 | D3: 단위 | E3: 출처·비고
A4: 기본 | B4: 연면적 | C4: 95474.59 | D4: ㎡ | E4: 견적서, 건축물대장
A5: 기본 | B5: 평 환산계수 | C5: 3.3058 | D5: ㎡/평
A6: 기본 | B6: 연면적(평) | C6: =C4/C5 | D6: 평
A7: Case1 요율 | B7: Sec I PAR 가입금액 | C7: 119000000000 | D7: 원 | E7: 첨부 견적서(안양 물류 Package Insurance 예상 보험료)
A8: Case1 요율 | B8: Sec I PAR 보험료 | C8: 583100000 | D8: 원 | E8: 동상
A9: Case1 요율 | B9: Sec I 요율 (역산) | C9: =C8/C7 | D9: % | E9: Case2 동일 적용
A10: Case1 요율 | B10: Sec III BI 가입금액(매출액·임대료) | C10: 31020000000 | D10: 원 | E10: 동상, 보상기간 24개월분
A11: Case1 요율 | B11: Sec III BI 보험료 | C11: 151998000 | D11: 원 | E11: 동상
A12: Case1 요율 | B12: Sec III 요율 (역산) | C12: =C11/C10 | D12: % | E12: Case2 동일 적용
A13: Case1 요율 | B13: Sec III 보상기간 | C13: 24 | D13: 개월 | E13: 동상
A14: Case1 요율 | B14: 월 매출액(임대료) 환산 | C14: =C10/C13 | D14: 원/월 | E14: 가입금액 ÷ 보상기간
A15: 재조달원가 | B15: 창고시설·사무실 등 (지2~8층) | C15: 60639.97 | D15: ㎡ | E15: 미래새한 감정서 p.119~120, 재조달원가 1,800,000원/㎡
A16: 재조달원가 | B16: 램프·차로·BERTH 등 (지2~8층) | C16: 34785.76 | D16: ㎡ | E16: 동상, 1,100,000원/㎡
A17: 재조달원가 | B17: 옥탑 계단실 등 | C17: 103.4 | D17: ㎡ | E17: 동상, 1,100,000원/㎡
A18: 재조달원가 | B18: 경비실 등 (1층) | C18: 8.82 | D18: ㎡ | E18: 동상, 1,500,000원/㎡
A19: 재조달원가 | B19: 창고 재조달원가 단가 | C19: 1800000 | D19: 원/㎡
A20: 재조달원가 | B20: 램프·옥탑 재조달원가 단가 | C20: 1100000 | D20: 원/㎡
A21: 재조달원가 | B21: 경비실 재조달원가 단가 | C21: 1500000 | D21: 원/㎡
A22: 재조달원가 | B22: 건물 재조달원가 합계 | C22: =C15*C19+(C16+C17)*C20+C18*C21 | D22: 원 | E22: 감가 전 금액. 감정서 건물 적산가액 141,641,521,920원 ÷ 잔가율 96%와 일치
A23: 재조달원가 | B23: (참고) 감정서 건물 적산가액 | C23: 141641521920 | D23: 원 | E23: 감가수정 후(내용연수 50년, 경과 2년)
A24: 공사기간 | B24: 착공신고일 | C24: 2021-03-26 | D24: 일자 | E24: CBRE 물리실사 §2.1
A25: 공사기간 | B25: 사용승인일(준공) | C25: 2023-11-24 | D25: 일자 | E25: 건축물대장·CBRE
A26: 공사기간 | B26: 공사기간(일) | C26: =DATEVALUE(C25)-DATEVALUE(C24) | D26: 일
A27: 공사기간 | B27: Case2 보상기간 | C27: =ROUNDUP(C26/(365/12),0) | D27: 개월 | E27: 공사기간 월 환산 후 올림 (973일 ≈ 32개월)
A28: 모델 | B28: 기준 재무모델 보험료(1차년도) | C28: 742284700 | D28: 원 | E28: A&R L72: 연면적 기준, 월 평당 2,141.79원, 연 2% 감소 가정
