Workbook

Sheet 요약
B1: ■ 임대차보증금 담보 구분 요약
B2: 금액은 '보증금 담보구분(상세)' 시트를 수식으로 집계함
B4: 담보 구분 | C4: 건수 (목적물 기준) | D4: 임대차보증금(원) | E4: 비중 | F4: 질권설정금액(원) | G4: 해당 임차인
B5: ① 담보신탁 1순위 우선수익권 | C5: =COUNTIF('보증금 담보구분(상세)'!$H$5:$H$16,B5) | D5: =SUMIF('보증금 담보구분(상세)'!$H$5:$H$16,B5,'보증금 담보구분(상세)'!$F$5:$F$16) | E5: =D5/$D$8 | F5: =SUMIF('보증금 담보구분(상세)'!$H$5:$H$16,B5,'보증금 담보구분(상세)'!$L$5:$L$16) | G5: 쿠팡(지상 5~7층, 최초 임대차)
B6: ② 예금질권 | C6: =COUNTIF('보증금 담보구분(상세)'!$H$5:$H$16,B6) | D6: =SUMIF('보증금 담보구분(상세)'!$H$5:$H$16,B6,'보증금 담보구분(상세)'!$F$5:$F$16) | E6: =D6/$D$8 | F6: =SUMIF('보증금 담보구분(상세)'!$H$5:$H$16,B6,'보증금 담보구분(상세)'!$L$5:$L$16) | G6: 쿠팡 5건, 농심, 용마로지스, 키즈밀, 지오영
B7: ③ 기타(담보 없음) | C7: =COUNTIF('보증금 담보구분(상세)'!$H$5:$H$16,B7) | D7: =SUMIF('보증금 담보구분(상세)'!$H$5:$H$16,B7,'보증금 담보구분(상세)'!$F$5:$F$16) | E7: =D7/$D$8 | F7: =SUMIF('보증금 담보구분(상세)'!$H$5:$H$16,B7,'보증금 담보구분(상세)'!$L$5:$L$16) | G7: 아이팜(보증금, 질권 미설정), 키즈밀 주차장(보증금 없음)
B8: 합계 | C8: =SUM(C5:C7) | D8: =SUM(D5:D7) | E8: =SUM(E5:E7) | F8: =SUM(F5:F7)
B10: ■ 쿠팡 보증금 구성
B11: 구분 | C11: 보증금(원) | D11: 쿠팡 내 비중
B12: 담보신탁 1순위 우선수익권 | C12: =SUMIFS('보증금 담보구분(상세)'!$F$5:$F$16,'보증금 담보구분(상세)'!$C$5:$C$16,"쿠팡㈜",'보증금 담보구분(상세)'!$H$5:$H$16,"① 담보신탁 1순위 우선수익권") | D12: =C12/$C$14
B13: 예금질권(5건) | C13: =SUMIFS('보증금 담보구분(상세)'!$F$5:$F$16,'보증금 담보구분(상세)'!$C$5:$C$16,"쿠팡㈜",'보증금 담보구분(상세)'!$H$5:$H$16,"② 예금질권") | D13: =C13/$C$14
B14: 쿠팡 합계 | C14: =SUM(C12:C13) | D14: =SUM(D12:D13)
B16: ※ 거래종결 시 매수인 명의 신규 예금질권 계좌 예치 필요액 = ② 보증금 합계(약 50.7억원). 아이팜은 임차인 요청 시 설정.
B17: ※ 건수는 목적물(행) 기준 12건이며, 매매계약 별첨 6의 계약 기준으로는 11건(쿠팡 순번 3은 지상 2층·지하 1층 두 목적물, 키즈밀은 사무실·주차장 별도 계약).

Sheet 보증금 담보구분(상세)
B1: ■ 안양물류센터 임대차보증금 담보 구분 현황 (거래종결 기준)
B2: 출처: 부동산매매계약서 v13(25729891.v13) 별첨 6·별첨 7.A~7.F, 부동산담보신탁계약서 통합본 별지(임대차계약등 내역), 담보대출약정서 v21 §8⑦·§9①·§11⑥, BKL 법률실사 5.7
B4: 순번 | C4: 임차인 | D4: 임대차목적물 | E4: 임대차기간 | F4: 임대차보증금(원) | G4: 월 임대료(원) | H4: 담보 구분 | I4: 개설은행 | J4: 예금주 | K4: 계좌번호 | L4: 질권설정금액(원) (보증금+이자) | M4: 계좌 만기 | N4: 근거·비고
B5: 1 | C5: 쿠팡㈜ | D5: 지상 5~7층 | E5: 2024.2.1 ~ 2034.4.30 | F5: 2132586000 | G5: 373424695 | H5: ① 담보신탁 1순위 우선수익권 | I5: - | J5: - | K5: - | M5: - | N5: 2024.2.5 최초 임대차계약. 기존 신탁 1순위 소멸 → 신규 담보신탁 동일 금액 1순위(SPA 별첨7.A, 대출 §9①)
B6: 2 | C6: 쿠팡㈜ | D6: 지상 4층, 8층 일부 | E6: 2024.5.1 ~ 2034.4.30 | F6: 832222008 | G6: 145725542 | H6: ② 예금질권 | I6: 신한은행 | J6: 코크렙안양㈜김찬동 | K6: 207-017-540443 | L6: 857004932 | M6: 2027-06-25 | N6: 제1차 변경합의서(2024.3.28)
B7: 3 | C7: 쿠팡㈜ | D7: 지상 2층 | E7: 2025.1.1 ~ 2034.4.30 | F7: 786801600 | G7: 134411940 | H7: ② 예금질권 | I7: 신한은행 | J7: 코크렙안양㈜김원선 | K7: 207-028-452139 | L7: 808553257 | M7: 2028-01-05 | N7: 제3차 변경합의서(2024.12.23)
B8: 3 | C8: 쿠팡㈜ | D8: 지하 1층 | E8: 2025.4.1 ~ 2034.4.30 | F8: 988315200 | G8: 168837180 | H8: ② 예금질권 | I8: 신한은행 | J8: 코크렙안양㈜김원선 | K8: 207-013-200379 | L8: 988315200 | M8: 2027-04-01 | N8: 제3차 변경합의서(2024.12.23)
B9: 4 | C9: 쿠팡㈜ | D9: 지하 2층 | E9: 2025.12.1 ~ 2034.4.30 | F9: 982155600 | G9: 163692600 | H9: ② 예금질권 | I9: 신한은행 | J9: 코크렙안양㈜김원선 | K9: 207-025-964690 | L9: 982155600 | M9: 2027-12-01 | N9: 제4차 변경합의서(2025.11.24)
B10: 5 | C10: 쿠팡㈜ | D10: 지상 8층 일부(증평) | E10: 2026.8.18 ~ 2034.4.30 | F10: 32620110 | G10: 5436685 | H10: ② 예금질권 | I10: 신한은행 | J10: 코크렙안양㈜김원선 | K10: 207-038-680442 | L10: 32620110 | M10: 2028-08-18 | N10: 제5차 변경합의서(2026.8.14)
B11: 6 | C11: ㈜농심 | D11: 지상 3층 | E11: 2024.7.30 ~ 2029.7.29 | F11: 642552000 | G11: 107092000 | H11: ② 예금질권 | I11: 신한은행 | J11: 코크렙안양㈜김원선 | K11: 207-019-508190 | L11: 660273335 | M11: 2027-07-31 | N11: 2024.5.14 임대차계약(2024.8.20 변경)
B12: 7 | C12: 용마로지스㈜ | D12: 지상 1층 일부 | E12: 2024.11.16 ~ 2030.1.31 | F12: 308178000 | G12: 52647075 | H12: ② 예금질권 | I12: 신한은행 | J12: 코크렙안양㈜김원선 | K12: 207-028-426258 | L12: 316697796 | M12: 2028-01-05 | N12: 2024.10.28 임대차계약
B13: 8 | C13: ㈜키즈밀 | D13: 지상 8층 일부 | E13: 2025.1.1 ~ 2029.12.31 | F13: 100000000 | G13: 19654862 | H13: ② 예금질권 | I13: 신한은행 | J13: 코크렙안양㈜김찬동 | K13: 207-012-647150 | L13: 100000000 | M13: 2027-03-24 | N13: 2024.11.27 임대차계약
B14: 9 | C14: ㈜키즈밀 | D14: 지상 8층 주차장 일부 | E14: 2025.7.1 ~ 2029.12.31 | F14: 0 | G14: 200000 | H14: ③ 기타(담보 없음) | I14: - | J14: - | K14: - | M14: - | N14: 보증금 없음, 월 사용료 200,000원(2025.6 추가 합의서)
B15: 10 | C15: ㈜지오영 | D15: 지상 1층 일부 | E15: 2025.2.1 ~ 2035.1.31 | F15: 393456789 | G15: 67215535 | H15: ② 예금질권 | I15: 신한은행 | J15: 코크렙안양(주)김찬동 | K15: 207-012-646478 | L15: 393456789 | M15: 2027-03-24 | N15: 2024.12.31 임대차계약
B16: 11 | C16: 아이팜㈜ | D16: 지상 1층 106호 | E16: 2025.5.1 ~ 2030.4.30 | F16: 6224400 | G16: 1063335 | H16: ③ 기타(담보 없음) | I16: - | J16: - | K16: - | M16: - | N16: 질권 미설정(신탁계약상 임차인 요청 시 설정)
B17: 합계 | F17: =SUM(F5:F16) | G17: =SUM(G5:G16) | H17: =COUNTA(H5:H16)&"행 (계약 11건)" | L17: =SUM(L5:L16)
B19: ※ 질권설정금액은 매도인 명의 기존 계좌 기준(보증금 + 예치 이자). 매수인은 거래종결일에 매수인 명의 신규 계좌에 보증금 상당액을 예치하고 신규 질권을 설정(대출 §8⑦, 대주 동의 불요).
B20: ※ 매도인 계좌의 기존 질권은 거래종결 후 해지 가능하며, 해지 후 예치금(이자 포함)은 매도인에게 귀속(SPA v13 §5.2(f), 대출 §11⑥(1)).
B21: ※ 쿠팡 지하 2층과 8층 증평분 계좌번호는 BKL 실사 자료상 207-025-964690으로 같게 적혀 있었으나, SPA v13 별첨 7.A는 8층 증평분을 207-038-680442로 구분 기재함(SPA 기준 표기).
