Workbook

Sheet Summary
A1: 3종 종류주식 조건변경안 v02 — 발행가액 = 주당 공정가치 방식 (Summary)
A2: ANYANG-LOGIS · 2026-09-18 · finance-ir 내부 개략 산정. LF 납입액 100억 고정, 상환가액 25,000원/주 고정, 발행가액 P*는 P* = 확률가중 PV가 되도록 산출 → LF는 정의상 공정가치로 인수(발행가 대비 100%)
A4: A. 산출 결과 | B4: 전환가액 = 보통주 발행가 5,000원 | C4: 전환가액 = FY8 공정가치 | D4: 단위 | E4: 비고
A5: ★ 주당 공정가치 = 발행가액 P* | B5: =Solve!B18 | C5: =Solve!C18 | D5: 원 | E5: 기존 25,000원 발행 대비 할인 발행
A6: 발행주식수 N | B6: =Solve!B19 | C6: =Solve!C19 | D6: 주 | E6: 기존 400,000주 대비 증가 (납입액 100억 고정)
A7: 감자대가 총액 (상환가액 × N) | B7: =Solve!B20 | C7: =Solve!C20 | D7: 백만원 | E7: 리츠 FY4 유출 (기존 10,000)
A8: 감자 프리미엄 (상환가액 ÷ P* − 1) | B8: =Solve!B21 | C8: =Solve!C21 | E8: 2년 무배당의 대가 = 정상가격 정합 조건
A9: 시나리오 B 반기 배당 총액 | B9: =Solve!B23 | C9: =Solve!C23 | D9: 백만원 | E9: 연 8% × (발행가액 또는 상환가액)
A10: 전환 시 LF 보통주 지분율 | B10: =Solve!B12 | C10: =Solve!C12 | E10: 전환주식수 = 납입액 ÷ 전환가액
A11: 발행가 대비 확률가중 가치 (검증) | B11: =Solve!B24 | C11: =Solve!C24 | E11: 정의상 100% → 고가 인수 요건 해소
A13: B. LF 수익률 (선택 기준 Inputs!B32, 주당) | B13: IRR (연) | C13: E.Multiple | E13: 비고
A14: 시나리오 A: 24개월 감자 | B14: =CF!E29 | C14: =CF!E30 | E14: (상환가액/P*)^(1/2) − 1
A15: 시나리오 B: 8% 배당 → 48개월 감자 | B15: =CF!F29 | C15: =CF!F30
A16: 시나리오 C: 보통주 전환 → FY20 회수 | B16: =CF!G29 | C16: =CF!G30 | E16: 전환가액 기준에 민감 (FY8 공정가치 기준이면 원금 수준)
A17: 확률가중 기대 | B17: =CF!H29 | C17: =CF!H30 | E17: = 할인율(정의상)
A19: C. 기존 구조 대비 (발행가 25,000원·400,000주) | B19: 기존 | C19: 변경안 v02 (선택) | D19: 단위 | E19: 비고
A20: LF 납입액 | B20: =Inputs!$B$4 | C20: =Inputs!$B$4 | D20: 백만원 | E20: 동일
A21: 발행가액 (주당) | B21: =Inputs!$B$5 | C21: =Solve!B27 | D21: 원
A22: 발행주식수 | B22: =Inputs!$B$4*1000000/Inputs!$B$5 | C22: =Solve!B28 | D22: 주
A23: 24개월 감자 시 리츠 유출 | B23: =Inputs!$B$4 | C23: =IF(Inputs!B32=1,Solve!B20,Solve!C20) | D23: 백만원 | E23: 차이 = 프리미엄 금액
A24: LF 인수가 대비 공정가치 (8% 기준) | B24: =1/(1+Inputs!$B$22)^(Inputs!$B$11/12) | C24: =IF(Inputs!B32=1,Solve!B24,Solve!C24) | E24: 기존 85.7% → 100%
A25: LF 시나리오 A IRR | B25: 0 | C25: =CF!E29 | E25: 기존 0% (무배당 액면 감자)
A27: D. 리츠·KLI 영향 (선택 기준) | B27: 값 | D27: 단위 | E27: 비고
A28: 감자 시 추가 유출 (프리미엄 금액) | B28: =C23-B23 | D28: 백만원 | E28: 리파이 여유(213,000−198,000=15,000)에서 충당
A29: 리파이 시점 선순위 LTV(감정가) — 기준 | B29: =Inputs!$B$37/Inputs!$B$36 | E29: A&R T33 61.8%
A30: 리파이 시점 선순위 LTV(감정가) — 프리미엄을 선순위로 조달 시 | B30: =(Inputs!$B$37+B28)/Inputs!$B$36 | E30: 프리미엄 전액 차입 가정 (보수적)
A31: 시나리오 B 추가 배당 부담 (총액, 2년) | B31: =IF(Inputs!B32=1,Solve!B23,Solve!C23)*Inputs!$B$13/12*Inputs!$B$15 | D31: 백만원 | E31: 3순위. 기준 모델상 보통주 운영배당 FY3~ 0 → 여유현금·초과배당 재원
A32: 시나리오 C KLI 보통주 지분율 | B32: =1-Solve!B30 | E32: 의결권 60.2%도 동일 비율로 희석 → 정관·주주간계약 반영
A33: KLI 보통주 IRR — 기준 / 시나리오 C 발생 시 | B33: =CF!R29 | E33: =CF!S29 참조
A34: KLI 보통주 IRR — 시나리오 C 발생 시 | B34: =CF!S29 | E34: 기준 16.44%와 비교

Sheet Inputs
A1: 3종 종류주식 조건변경안 v02 — 발행가액 = 주당 공정가치 방식 · 입력값
A2: 파란 글자 = 입력값 · 검정 = 수식 · 노란 바탕 = 핵심 가정. 금액 백만원 / 주당 원. 출처 셀은 기준 재무모델 v02(인가ver)
A3: 항목 | B3: 값 | C3: 단위 | D3: 출처 / 비고
A4: 리츠 소요 조달금액 = 3종 발행총액 (LF 납입액) | B4: 10000 | C4: 백만원 | D4: 04_Equity투자자/models/20260915_재무모델_Financial_Modeling_인가ver_v02.xlsm A&R Q43 / IM Q61 — 배당재원 Overfunding 100억
A5: 상환가액 = 감자대가 (주당, 고정 청구액) | B5: 25000 | C5: 원 | D5: [구조] 발행가액과 분리하여 정관상 고정. 기존 발행가(A&R P93)와 동일 수준으로 설정
A6: 액면가 (주당) | B6: 1000 | C6: 원 | D6: A&R Q93
A8: 주금납입일 (FY0) | B8: 46326 | D8: A&R M43
A9: 기존 조건 감자 예정일 | B9: 47057 | D9: A&R N43 (24개월)
A11: [변경안] ① 무배당·무의결권 기간 | B11: 24 | C11: 개월 | D11: 사용자 제시
A12: [변경안] ② 감자 미완료 시 3순위 확정배당률 (연) | B12: 0.08 | D12: 사용자 제시 (25~48개월)
A13: [변경안] ② 확정배당 기간 | B13: 24 | C13: 개월 | D13: 사용자 제시
A14: [변경안] ③ 보통주 전환 시점 | B14: 48 | C14: 개월 | D14: 사용자 제시
A15: 배당 지급 횟수 (연) | B15: 2 | C15: 회 | D15: 리츠 반기 배당, FY = 반기
A16: 확정배당 산정 기준 (1=발행가액 P* / 2=상환가액) | B16: 1 | D16: [선택] 통상 '발행가액 기준 연 8%'. 2 선택 시 상환가액(25,000원) 기준
A18: 시나리오 A 확률 — 24개월 내 감자 | B18: 0.7 | D18: [가정] 24개월 리파이(A&R P33 선순위 213,000) 정상 실행
A19: 시나리오 B 확률 — 25~48개월 8% 배당 후 감자 | B19: 0.2 | D19: [가정] 감자 시점 48개월 말로 단순화
A20: 시나리오 C 확률 — 48개월 후 보통주 전환 | B20: =1-B18-B19 | D20: = 1 − A − B
A22: 할인율 — 3종 요구수익률 (연) | B22: 0.08 | D22: [가정] 1종 7.0%·2종 7.5%(IRR 9.24%)·보통주 16.44% 사이. Sensitivity 참조
A23: 보통주 요구수익률 (FY8 보통주 공정가치 산정용) | B23: 0.16438586 | D23: IM J102
A25: 보통주 발행가액 (주당) | B25: 5000 | C25: 원 | D25: A&R P94
A26: 보통주 발행주식수 (KLI) | B26: 2960000 | C26: 주 | D26: A&R R94
A27: 보통주 출자금 (KLI) | B27: 14800 | C27: 백만원 | D27: IM Q62
A28: 보통주 운영배당 FY1 / FY2 | B28: 555 | C28: 백만원 | D28: IM K79·K80 (초기 1년 연 7.5%)
A29: 보통주 운영배당 FY3~FY20 (반기당) | B29: 0 | C29: 백만원 | D29: IM K81:K98 = 0
A30: 보통주 매각차익 배분 C.G (FY20) | B30: 48460.428 | C30: 백만원 | D30: IM L98 (= 60,575 × 80%)
A32: 전환가액 기준 (1=보통주 발행가액 5,000원 / 2=FY8 보통주 공정가치) | B32: 1 | D32: [선택] 전환비율 = 3종 발행가액(P*) ÷ 전환가액. 1은 KLI 희석 큼, 2는 경제적 중립. Summary에 두 안 병렬
A34: [상증세법 참고] 총 납입자본 / 총 주식수 (기존 구조) | B34: 98800 | C34: 백만원 | D34: IM W51 / 6,320,000주 (A&R R95) → 혼합 순자산가치 15,633원/주 (종류주식 평가에 부적합)
A36: [리츠 영향] 리파이 시점 감정가 (재평가 가정) | B36: 348015 | C36: 백만원 | D36: A&R T33 역산: 213,000+2,100 ÷ 61.8% ≒ 334,500 × 1.02² (물가 2%·24개월)
A37: [리츠 영향] 리파이 선순위 + 보증금 | B37: 215100 | C37: 백만원 | D37: A&R P33 213,000 + P31 2,100

Sheet Solve
A1: 주당 공정가치 P* 산출 (폐쇄형 해) — 전환가액 기준별 병렬
A2: P* = 시나리오별 주당 현금흐름의 확률가중 현재가치. 배당(발행가액 기준)·전환가치가 P*에 비례하므로 선형식으로 풀림: P* = 분자 ÷ 분모 (순환참조 없음)
A4: 항목 | B4: 전환가액 = 보통주 발행가 | C4: 전환가액 = FY8 공정가치 | D4: 단위 | E4: 수식 설명
A5: 할인계수 df(무배당 종료 = FY4) | B5: =(1+Inputs!$B$22)^-(Inputs!$B$11/12) | C5: =B5 | E5: (1+r)^-2
A6: 할인계수 df(FY8, 배당기간 종료) | B6: =(1+Inputs!$B$22)^-((Inputs!$B$11+Inputs!$B$13)/12) | C6: =B6 | E6: (1+r)^-4
A7: 배당 4회 할인계수 합 Σdf(FY5~8) | B7: =(1+Inputs!$B$22)^-(Inputs!$B$11/12+1/Inputs!$B$15)+(1+Inputs!$B$22)^-(Inputs!$B$11/12+2/Inputs!$B$15)+(1+Inputs!$B$22)^-(Inputs!$B$11/12+3/Inputs!$B$15)+(1+Inputs!$B$22)^-(Inputs!$B$11/12+4/Inputs!$B$15) | C7: =B7 | E7: t = 2.5, 3.0, 3.5, 4.0년 (배당 4회 전제)
A8: 할인계수 df(FY20 매각) | B8: =(1+Inputs!$B$22)^-10 | C8: =B8 | E8: (1+r)^-10
A9: FY8 보통주 공정가치 (주당) | B9: =(Inputs!$B$30+Inputs!$B$27)*1000000/(1+Inputs!$B$23)^((20-Inputs!$B$14/12*Inputs!$B$15)/Inputs!$B$15)/Inputs!$B$26 | C9: =B9 | D9: 원 | E9: PV_FY8[(C.G+보통주 원금) FY20, 보통주 요구수익률] ÷ 보통주 주식수
A10: 전환가액 (주당) | B10: =Inputs!$B$25 | C10: =B9 | D10: 원 | E10: 열별 기준
A11: 전환주식수 = LF 납입액 ÷ 전환가액 | B11: =Inputs!$B$4*1000000/B10 | C11: =Inputs!$B$4*1000000/C10 | D11: 주 | E11: = N × P* ÷ 전환가액 = 납입액 ÷ 전환가액 (P*와 무관)
A12: 전환 후 LF 보통주 지분율 | B12: =B11/(Inputs!$B$26+B11) | C12: =C11/(Inputs!$B$26+C11)
A13: FY20 보통주 풀 총 회수액 | B13: =Inputs!$B$30+Inputs!$B$27+Inputs!$B$4 | C13: =B13 | D13: 백만원 | E13: C.G + 보통주 원금 + 미감자 3종 납입액(리츠 내 잔존)
A14: 시나리오 C 총가치 PV (LF 전체) | B14: =B12*B13*$B$8 | C14: =C12*C13*$B$8 | D14: 백만원 | E14: = 지분율 × 풀 × df(FY20)
A15: c = 시나리오 C 가치 ÷ 납입액 (주당가치/P* 비율) | B15: =B14/Inputs!$B$4 | C15: =C14/Inputs!$B$4 | E15: 주당 C 가치 = c × P*
A16: 분자: (pA·df4 + pB·df8) × 상환가액 [+ 상환가액기준 배당] | B16: =(Inputs!$B$18*$B$5+Inputs!$B$19*$B$6)*Inputs!$B$5+IF(Inputs!$B$16=2,Inputs!$B$19*(Inputs!$B$12/Inputs!$B$15)*$B$7*Inputs!$B$5,0) | C16: =(Inputs!$B$18*$B$5+Inputs!$B$19*$B$6)*Inputs!$B$5+IF(Inputs!$B$16=2,Inputs!$B$19*(Inputs!$B$12/Inputs!$B$15)*$B$7*Inputs!$B$5,0) | D16: 원
A17: 분모: 1 − pC·c [− 발행가액기준 배당 pB·(d/m)·Σdf] | B17: =1-Inputs!$B$20*B15-IF(Inputs!$B$16=1,Inputs!$B$19*(Inputs!$B$12/Inputs!$B$15)*$B$7,0) | C17: =1-Inputs!$B$20*C15-IF(Inputs!$B$16=1,Inputs!$B$19*(Inputs!$B$12/Inputs!$B$15)*$B$7,0)
A18: ★ 주당 공정가치 P* = 발행가액 | B18: =B16/B17 | C18: =C16/C17 | D18: 원 | E18: LF 납입 단가
A19: 발행주식수 N = 납입액 ÷ P* | B19: =Inputs!$B$4*1000000/B18 | C19: =Inputs!$B$4*1000000/C18 | D19: 주
A20: 감자대가 총액 = N × 상환가액 | B20: =B19*Inputs!$B$5/1000000 | C20: =C19*Inputs!$B$5/1000000 | D20: 백만원 | E20: 리츠가 FY4(또는 FY8) 지급
A21: 감자 프리미엄 = 상환가액 ÷ P* − 1 | B21: =Inputs!$B$5/B18-1 | C21: =Inputs!$B$5/C18-1 | E21: LF의 2년 무배당에 대한 대가
A22: 반기 배당 (주당) | B22: =IF(Inputs!$B$16=1,B18,Inputs!$B$5)*Inputs!$B$12/Inputs!$B$15 | C22: =IF(Inputs!$B$16=1,C18,Inputs!$B$5)*Inputs!$B$12/Inputs!$B$15 | D22: 원 | E22: 시나리오 B FY5~8
A23: 반기 배당 (총액) | B23: =B22*B19/1000000 | C23: =C22*C19/1000000 | D23: 백만원
A24: 검증: 확률가중 PV ÷ P* (=100%) | B24: =(Inputs!$B$18*Inputs!$B$5*$B$5+Inputs!$B$19*(B22*$B$7+Inputs!$B$5*$B$6)+Inputs!$B$20*B15*B18)/B18 | C24: =(Inputs!$B$18*Inputs!$B$5*$B$5+Inputs!$B$19*(C22*$B$7+Inputs!$B$5*$B$6)+Inputs!$B$20*C15*C18)/C18 | E24: 정의상 100.0%
A26: 선택 기준 (Inputs!B32) → CF 시트 사용값
A27: P* (선택) | B27: =IF(Inputs!$B$32=1,B18,C18) | D27: 원
A28: N (선택) | B28: =IF(Inputs!$B$32=1,B19,C19) | D28: 주
A29: 전환주식수 (선택) | B29: =IF(Inputs!$B$32=1,B11,C11) | D29: 주
A30: LF 지분율 (선택) | B30: =IF(Inputs!$B$32=1,B12,C12)
A31: 반기 배당 주당 (선택) | B31: =IF(Inputs!$B$32=1,B22,C22) | D31: 원

Sheet CF
A1: 주당 현금흐름 (원, LF 3종 1주 기준) · 리츠 총액 (백만원) · KLI 보통주 — 선택 기준(Inputs!B32)
A2: FY0 = 납입 −P*. A: FY4 상환가액 / B: FY5~8 배당 + FY8 상환가액 / C: FY8 전환 → FY20 지분율×풀 ÷ N
A4: FY | B4: 경과월 | C4: t(년) | D4: 할인계수 | E4: A (주당) | F4: B (주당) | G4: C (주당) | H4: 기대 (주당) | I4: PV A | J4: PV B | K4: PV C | L4: PV 기대 | N4: 리츠 유출 A (총액) | O4: 리츠 유출 B (총액) | P4: 리츠 유출 C (총액) | R4: KLI 보통주 CF: 기준 | S4: KLI CF: 시나리오 C
A5: 0 | B5: =A5*12/Inputs!$B$15 | C5: =A5/Inputs!$B$15 | D5: =1/(1+Inputs!$B$22)^C5 | E5: =IF(A5=0,-Solve!$B$27,IF(B5=Inputs!$B$11,Inputs!$B$5,0)) | F5: =IF(A5=0,-Solve!$B$27,IF(AND(B5>Inputs!$B$11,B5<=Inputs!$B$11+Inputs!$B$13),Solve!$B$31,0)+IF(B5=Inputs!$B$11+Inputs!$B$13,Inputs!$B$5,0)) | G5: =IF(A5=0,-Solve!$B$27,IF(A5=20,Solve!$B$30*(Inputs!$B$30+Inputs!$B$27+Inputs!$B$4)*1000000/Solve!$B$28,IF(B5>Inputs!$B$14,Solve!$B$30*Inputs!$B$29*1000000/Solve!$B$28,0))) | H5: =Inputs!$B$18*E5+Inputs!$B$19*F5+Inputs!$B$20*G5 | I5: =E5*$D5 | J5: =F5*$D5 | K5: =G5*$D5 | L5: =H5*$D5 | N5: =IF(A5=0,0,E5*Solve!$B$28/1000000) | O5: =IF(A5=0,0,F5*Solve!$B$28/1000000) | P5: =IF(A5=0,0,G5*Solve!$B$28/1000000) | R5: =IF(A5=0,-Inputs!$B$27,IF(OR(A5=1,A5=2),Inputs!$B$28,IF(A5>=3,Inputs!$B$29,0))+IF(A5=20,Inputs!$B$30+Inputs!$B$27,0)) | S5: =IF(A5=0,-Inputs!$B$27,IF(A5<=8,IF(OR(A5=1,A5=2),Inputs!$B$28,IF(A5>=3,Inputs!$B$29,0)),(1-Solve!$B$30)*IF(OR(A5=1,A5=2),Inputs!$B$28,IF(A5>=3,Inputs!$B$29,0)))+IF(A5=20,(1-Solve!$B$30)*(Inputs!$B$30+Inputs!$B$27+Inputs!$B$4),0))
A6: 1 | B6: =A6*12/Inputs!$B$15 | C6: =A6/Inputs!$B$15 | D6: =1/(1+Inputs!$B$22)^C6 | E6: =IF(A6=0,-Solve!$B$27,IF(B6=Inputs!$B$11,Inputs!$B$5,0)) | F6: =IF(A6=0,-Solve!$B$27,IF(AND(B6>Inputs!$B$11,B6<=Inputs!$B$11+Inputs!$B$13),Solve!$B$31,0)+IF(B6=Inputs!$B$11+Inputs!$B$13,Inputs!$B$5,0)) | G6: =IF(A6=0,-Solve!$B$27,IF(A6=20,Solve!$B$30*(Inputs!$B$30+Inputs!$B$27+Inputs!$B$4)*1000000/Solve!$B$28,IF(B6>Inputs!$B$14,Solve!$B$30*Inputs!$B$29*1000000/Solve!$B$28,0))) | H6: =Inputs!$B$18*E6+Inputs!$B$19*F6+Inputs!$B$20*G6 | I6: =E6*$D6 | J6: =F6*$D6 | K6: =G6*$D6 | L6: =H6*$D6 | N6: =IF(A6=0,0,E6*Solve!$B$28/1000000) | O6: =IF(A6=0,0,F6*Solve!$B$28/1000000) | P6: =IF(A6=0,0,G6*Solve!$B$28/1000000) | R6: =IF(A6=0,-Inputs!$B$27,IF(OR(A6=1,A6=2),Inputs!$B$28,IF(A6>=3,Inputs!$B$29,0))+IF(A6=20,Inputs!$B$30+Inputs!$B$27,0)) | S6: =IF(A6=0,-Inputs!$B$27,IF(A6<=8,IF(OR(A6=1,A6=2),Inputs!$B$28,IF(A6>=3,Inputs!$B$29,0)),(1-Solve!$B$30)*IF(OR(A6=1,A6=2),Inputs!$B$28,IF(A6>=3,Inputs!$B$29,0)))+IF(A6=20,(1-Solve!$B$30)*(Inputs!$B$30+Inputs!$B$27+Inputs!$B$4),0))
A7: 2 | B7: =A7*12/Inputs!$B$15 | C7: =A7/Inputs!$B$15 | D7: =1/(1+Inputs!$B$22)^C7 | E7: =IF(A7=0,-Solve!$B$27,IF(B7=Inputs!$B$11,Inputs!$B$5,0)) | F7: =IF(A7=0,-Solve!$B$27,IF(AND(B7>Inputs!$B$11,B7<=Inputs!$B$11+Inputs!$B$13),Solve!$B$31,0)+IF(B7=Inputs!$B$11+Inputs!$B$13,Inputs!$B$5,0)) | G7: =IF(A7=0,-Solve!$B$27,IF(A7=20,Solve!$B$30*(Inputs!$B$30+Inputs!$B$27+Inputs!$B$4)*1000000/Solve!$B$28,IF(B7>Inputs!$B$14,Solve!$B$30*Inputs!$B$29*1000000/Solve!$B$28,0))) | H7: =Inputs!$B$18*E7+Inputs!$B$19*F7+Inputs!$B$20*G7 | I7: =E7*$D7 | J7: =F7*$D7 | K7: =G7*$D7 | L7: =H7*$D7 | N7: =IF(A7=0,0,E7*Solve!$B$28/1000000) | O7: =IF(A7=0,0,F7*Solve!$B$28/1000000) | P7: =IF(A7=0,0,G7*Solve!$B$28/1000000) | R7: =IF(A7=0,-Inputs!$B$27,IF(OR(A7=1,A7=2),Inputs!$B$28,IF(A7>=3,Inputs!$B$29,0))+IF(A7=20,Inputs!$B$30+Inputs!$B$27,0)) | S7: =IF(A7=0,-Inputs!$B$27,IF(A7<=8,IF(OR(A7=1,A7=2),Inputs!$B$28,IF(A7>=3,Inputs!$B$29,0)),(1-Solve!$B$30)*IF(OR(A7=1,A7=2),Inputs!$B$28,IF(A7>=3,Inputs!$B$29,0)))+IF(A7=20,(1-Solve!$B$30)*(Inputs!$B$30+Inputs!$B$27+Inputs!$B$4),0))
A8: 3 | B8: =A8*12/Inputs!$B$15 | C8: =A8/Inputs!$B$15 | D8: =1/(1+Inputs!$B$22)^C8 | E8: =IF(A8=0,-Solve!$B$27,IF(B8=Inputs!$B$11,Inputs!$B$5,0)) | F8: =IF(A8=0,-Solve!$B$27,IF(AND(B8>Inputs!$B$11,B8<=Inputs!$B$11+Inputs!$B$13),Solve!$B$31,0)+IF(B8=Inputs!$B$11+Inputs!$B$13,Inputs!$B$5,0)) | G8: =IF(A8=0,-Solve!$B$27,IF(A8=20,Solve!$B$30*(Inputs!$B$30+Inputs!$B$27+Inputs!$B$4)*1000000/Solve!$B$28,IF(B8>Inputs!$B$14,Solve!$B$30*Inputs!$B$29*1000000/Solve!$B$28,0))) | H8: =Inputs!$B$18*E8+Inputs!$B$19*F8+Inputs!$B$20*G8 | I8: =E8*$D8 | J8: =F8*$D8 | K8: =G8*$D8 | L8: =H8*$D8 | N8: =IF(A8=0,0,E8*Solve!$B$28/1000000) | O8: =IF(A8=0,0,F8*Solve!$B$28/1000000) | P8: =IF(A8=0,0,G8*Solve!$B$28/1000000) | R8: =IF(A8=0,-Inputs!$B$27,IF(OR(A8=1,A8=2),Inputs!$B$28,IF(A8>=3,Inputs!$B$29,0))+IF(A8=20,Inputs!$B$30+Inputs!$B$27,0)) | S8: =IF(A8=0,-Inputs!$B$27,IF(A8<=8,IF(OR(A8=1,A8=2),Inputs!$B$28,IF(A8>=3,Inputs!$B$29,0)),(1-Solve!$B$30)*IF(OR(A8=1,A8=2),Inputs!$B$28,IF(A8>=3,Inputs!$B$29,0)))+IF(A8=20,(1-Solve!$B$30)*(Inputs!$B$30+Inputs!$B$27+Inputs!$B$4),0))
A9: 4 | B9: =A9*12/Inputs!$B$15 | C9: =A9/Inputs!$B$15 | D9: =1/(1+Inputs!$B$22)^C9 | E9: =IF(A9=0,-Solve!$B$27,IF(B9=Inputs!$B$11,Inputs!$B$5,0)) | F9: =IF(A9=0,-Solve!$B$27,IF(AND(B9>Inputs!$B$11,B9<=Inputs!$B$11+Inputs!$B$13),Solve!$B$31,0)+IF(B9=Inputs!$B$11+Inputs!$B$13,Inputs!$B$5,0)) | G9: =IF(A9=0,-Solve!$B$27,IF(A9=20,Solve!$B$30*(Inputs!$B$30+Inputs!$B$27+Inputs!$B$4)*1000000/Solve!$B$28,IF(B9>Inputs!$B$14,Solve!$B$30*Inputs!$B$29*1000000/Solve!$B$28,0))) | H9: =Inputs!$B$18*E9+Inputs!$B$19*F9+Inputs!$B$20*G9 | I9: =E9*$D9 | J9: =F9*$D9 | K9: =G9*$D9 | L9: =H9*$D9 | N9: =IF(A9=0,0,E9*Solve!$B$28/1000000) | O9: =IF(A9=0,0,F9*Solve!$B$28/1000000) | P9: =IF(A9=0,0,G9*Solve!$B$28/1000000) | R9: =IF(A9=0,-Inputs!$B$27,IF(OR(A9=1,A9=2),Inputs!$B$28,IF(A9>=3,Inputs!$B$29,0))+IF(A9=20,Inputs!$B$30+Inputs!$B$27,0)) | S9: =IF(A9=0,-Inputs!$B$27,IF(A9<=8,IF(OR(A9=1,A9=2),Inputs!$B$28,IF(A9>=3,Inputs!$B$29,0)),(1-Solve!$B$30)*IF(OR(A9=1,A9=2),Inputs!$B$28,IF(A9>=3,Inputs!$B$29,0)))+IF(A9=20,(1-Solve!$B$30)*(Inputs!$B$30+Inputs!$B$27+Inputs!$B$4),0))
A10: 5 | B10: =A10*12/Inputs!$B$15 | C10: =A10/Inputs!$B$15 | D10: =1/(1+Inputs!$B$22)^C10 | E10: =IF(A10=0,-Solve!$B$27,IF(B10=Inputs!$B$11,Inputs!$B$5,0)) | F10: =IF(A10=0,-Solve!$B$27,IF(AND(B10>Inputs!$B$11,B10<=Inputs!$B$11+Inputs!$B$13),Solve!$B$31,0)+IF(B10=Inputs!$B$11+Inputs!$B$13,Inputs!$B$5,0)) | G10: =IF(A10=0,-Solve!$B$27,IF(A10=20,Solve!$B$30*(Inputs!$B$30+Inputs!$B$27+Inputs!$B$4)*1000000/Solve!$B$28,IF(B10>Inputs!$B$14,Solve!$B$30*Inputs!$B$29*1000000/Solve!$B$28,0))) | H10: =Inputs!$B$18*E10+Inputs!$B$19*F10+Inputs!$B$20*G10 | I10: =E10*$D10 | J10: =F10*$D10 | K10: =G10*$D10 | L10: =H10*$D10 | N10: =IF(A10=0,0,E10*Solve!$B$28/1000000) | O10: =IF(A10=0,0,F10*Solve!$B$28/1000000) | P10: =IF(A10=0,0,G10*Solve!$B$28/1000000) | R10: =IF(A10=0,-Inputs!$B$27,IF(OR(A10=1,A10=2),Inputs!$B$28,IF(A10>=3,Inputs!$B$29,0))+IF(A10=20,Inputs!$B$30+Inputs!$B$27,0)) | S10: =IF(A10=0,-Inputs!$B$27,IF(A10<=8,IF(OR(A10=1,A10=2),Inputs!$B$28,IF(A10>=3,Inputs!$B$29,0)),(1-Solve!$B$30)*IF(OR(A10=1,A10=2),Inputs!$B$28,IF(A10>=3,Inputs!$B$29,0)))+IF(A10=20,(1-Solve!$B$30)*(Inputs!$B$30+Inputs!$B$27+Inputs!$B$4),0))
A11: 6 | B11: =A11*12/Inputs!$B$15 | C11: =A11/Inputs!$B$15 | D11: =1/(1+Inputs!$B$22)^C11 | E11: =IF(A11=0,-Solve!$B$27,IF(B11=Inputs!$B$11,Inputs!$B$5,0)) | F11: =IF(A11=0,-Solve!$B$27,IF(AND(B11>Inputs!$B$11,B11<=Inputs!$B$11+Inputs!$B$13),Solve!$B$31,0)+IF(B11=Inputs!$B$11+Inputs!$B$13,Inputs!$B$5,0)) | G11: =IF(A11=0,-Solve!$B$27,IF(A11=20,Solve!$B$30*(Inputs!$B$30+Inputs!$B$27+Inputs!$B$4)*1000000/Solve!$B$28,IF(B11>Inputs!$B$14,Solve!$B$30*Inputs!$B$29*1000000/Solve!$B$28,0))) | H11: =Inputs!$B$18*E11+Inputs!$B$19*F11+Inputs!$B$20*G11 | I11: =E11*$D11 | J11: =F11*$D11 | K11: =G11*$D11 | L11: =H11*$D11 | N11: =IF(A11=0,0,E11*Solve!$B$28/1000000) | O11: =IF(A11=0,0,F11*Solve!$B$28/1000000) | P11: =IF(A11=0,0,G11*Solve!$B$28/1000000) | R11: =IF(A11=0,-Inputs!$B$27,IF(OR(A11=1,A11=2),Inputs!$B$28,IF(A11>=3,Inputs!$B$29,0))+IF(A11=20,Inputs!$B$30+Inputs!$B$27,0)) | S11: =IF(A11=0,-Inputs!$B$27,IF(A11<=8,IF(OR(A11=1,A11=2),Inputs!$B$28,IF(A11>=3,Inputs!$B$29,0)),(1-Solve!$B$30)*IF(OR(A11=1,A11=2),Inputs!$B$28,IF(A11>=3,Inputs!$B$29,0)))+IF(A11=20,(1-Solve!$B$30)*(Inputs!$B$30+Inputs!$B$27+Inputs!$B$4),0))
A12: 7 | B12: =A12*12/Inputs!$B$15 | C12: =A12/Inputs!$B$15 | D12: =1/(1+Inputs!$B$22)^C12 | E12: =IF(A12=0,-Solve!$B$27,IF(B12=Inputs!$B$11,Inputs!$B$5,0)) | F12: =IF(A12=0,-Solve!$B$27,IF(AND(B12>Inputs!$B$11,B12<=Inputs!$B$11+Inputs!$B$13),Solve!$B$31,0)+IF(B12=Inputs!$B$11+Inputs!$B$13,Inputs!$B$5,0)) | G12: =IF(A12=0,-Solve!$B$27,IF(A12=20,Solve!$B$30*(Inputs!$B$30+Inputs!$B$27+Inputs!$B$4)*1000000/Solve!$B$28,IF(B12>Inputs!$B$14,Solve!$B$30*Inputs!$B$29*1000000/Solve!$B$28,0))) | H12: =Inputs!$B$18*E12+Inputs!$B$19*F12+Inputs!$B$20*G12 | I12: =E12*$D12 | J12: =F12*$D12 | K12: =G12*$D12 | L12: =H12*$D12 | N12: =IF(A12=0,0,E12*Solve!$B$28/1000000) | O12: =IF(A12=0,0,F12*Solve!$B$28/1000000) | P12: =IF(A12=0,0,G12*Solve!$B$28/1000000) | R12: =IF(A12=0,-Inputs!$B$27,IF(OR(A12=1,A12=2),Inputs!$B$28,IF(A12>=3,Inputs!$B$29,0))+IF(A12=20,Inputs!$B$30+Inputs!$B$27,0)) | S12: =IF(A12=0,-Inputs!$B$27,IF(A12<=8,IF(OR(A12=1,A12=2),Inputs!$B$28,IF(A12>=3,Inputs!$B$29,0)),(1-Solve!$B$30)*IF(OR(A12=1,A12=2),Inputs!$B$28,IF(A12>=3,Inputs!$B$29,0)))+IF(A12=20,(1-Solve!$B$30)*(Inputs!$B$30+Inputs!$B$27+Inputs!$B$4),0))
A13: 8 | B13: =A13*12/Inputs!$B$15 | C13: =A13/Inputs!$B$15 | D13: =1/(1+Inputs!$B$22)^C13 | E13: =IF(A13=0,-Solve!$B$27,IF(B13=Inputs!$B$11,Inputs!$B$5,0)) | F13: =IF(A13=0,-Solve!$B$27,IF(AND(B13>Inputs!$B$11,B13<=Inputs!$B$11+Inputs!$B$13),Solve!$B$31,0)+IF(B13=Inputs!$B$11+Inputs!$B$13,Inputs!$B$5,0)) | G13: =IF(A13=0,-Solve!$B$27,IF(A13=20,Solve!$B$30*(Inputs!$B$30+Inputs!$B$27+Inputs!$B$4)*1000000/Solve!$B$28,IF(B13>Inputs!$B$14,Solve!$B$30*Inputs!$B$29*1000000/Solve!$B$28,0))) | H13: =Inputs!$B$18*E13+Inputs!$B$19*F13+Inputs!$B$20*G13 | I13: =E13*$D13 | J13: =F13*$D13 | K13: =G13*$D13 | L13: =H13*$D13 | N13: =IF(A13=0,0,E13*Solve!$B$28/1000000) | O13: =IF(A13=0,0,F13*Solve!$B$28/1000000) | P13: =IF(A13=0,0,G13*Solve!$B$28/1000000) | R13: =IF(A13=0,-Inputs!$B$27,IF(OR(A13=1,A13=2),Inputs!$B$28,IF(A13>=3,Inputs!$B$29,0))+IF(A13=20,Inputs!$B$30+Inputs!$B$27,0)) | S13: =IF(A13=0,-Inputs!$B$27,IF(A13<=8,IF(OR(A13=1,A13=2),Inputs!$B$28,IF(A13>=3,Inputs!$B$29,0)),(1-Solve!$B$30)*IF(OR(A13=1,A13=2),Inputs!$B$28,IF(A13>=3,Inputs!$B$29,0)))+IF(A13=20,(1-Solve!$B$30)*(Inputs!$B$30+Inputs!$B$27+Inputs!$B$4),0))
A14: 9 | B14: =A14*12/Inputs!$B$15 | C14: =A14/Inputs!$B$15 | D14: =1/(1+Inputs!$B$22)^C14 | E14: =IF(A14=0,-Solve!$B$27,IF(B14=Inputs!$B$11,Inputs!$B$5,0)) | F14: =IF(A14=0,-Solve!$B$27,IF(AND(B14>Inputs!$B$11,B14<=Inputs!$B$11+Inputs!$B$13),Solve!$B$31,0)+IF(B14=Inputs!$B$11+Inputs!$B$13,Inputs!$B$5,0)) | G14: =IF(A14=0,-Solve!$B$27,IF(A14=20,Solve!$B$30*(Inputs!$B$30+Inputs!$B$27+Inputs!$B$4)*1000000/Solve!$B$28,IF(B14>Inputs!$B$14,Solve!$B$30*Inputs!$B$29*1000000/Solve!$B$28,0))) | H14: =Inputs!$B$18*E14+Inputs!$B$19*F14+Inputs!$B$20*G14 | I14: =E14*$D14 | J14: =F14*$D14 | K14: =G14*$D14 | L14: =H14*$D14 | N14: =IF(A14=0,0,E14*Solve!$B$28/1000000) | O14: =IF(A14=0,0,F14*Solve!$B$28/1000000) | P14: =IF(A14=0,0,G14*Solve!$B$28/1000000) | R14: =IF(A14=0,-Inputs!$B$27,IF(OR(A14=1,A14=2),Inputs!$B$28,IF(A14>=3,Inputs!$B$29,0))+IF(A14=20,Inputs!$B$30+Inputs!$B$27,0)) | S14: =IF(A14=0,-Inputs!$B$27,IF(A14<=8,IF(OR(A14=1,A14=2),Inputs!$B$28,IF(A14>=3,Inputs!$B$29,0)),(1-Solve!$B$30)*IF(OR(A14=1,A14=2),Inputs!$B$28,IF(A14>=3,Inputs!$B$29,0)))+IF(A14=20,(1-Solve!$B$30)*(Inputs!$B$30+Inputs!$B$27+Inputs!$B$4),0))
A15: 10 | B15: =A15*12/Inputs!$B$15 | C15: =A15/Inputs!$B$15 | D15: =1/(1+Inputs!$B$22)^C15 | E15: =IF(A15=0,-Solve!$B$27,IF(B15=Inputs!$B$11,Inputs!$B$5,0)) | F15: =IF(A15=0,-Solve!$B$27,IF(AND(B15>Inputs!$B$11,B15<=Inputs!$B$11+Inputs!$B$13),Solve!$B$31,0)+IF(B15=Inputs!$B$11+Inputs!$B$13,Inputs!$B$5,0)) | G15: =IF(A15=0,-Solve!$B$27,IF(A15=20,Solve!$B$30*(Inputs!$B$30+Inputs!$B$27+Inputs!$B$4)*1000000/Solve!$B$28,IF(B15>Inputs!$B$14,Solve!$B$30*Inputs!$B$29*1000000/Solve!$B$28,0))) | H15: =Inputs!$B$18*E15+Inputs!$B$19*F15+Inputs!$B$20*G15 | I15: =E15*$D15 | J15: =F15*$D15 | K15: =G15*$D15 | L15: =H15*$D15 | N15: =IF(A15=0,0,E15*Solve!$B$28/1000000) | O15: =IF(A15=0,0,F15*Solve!$B$28/1000000) | P15: =IF(A15=0,0,G15*Solve!$B$28/1000000) | R15: =IF(A15=0,-Inputs!$B$27,IF(OR(A15=1,A15=2),Inputs!$B$28,IF(A15>=3,Inputs!$B$29,0))+IF(A15=20,Inputs!$B$30+Inputs!$B$27,0)) | S15: =IF(A15=0,-Inputs!$B$27,IF(A15<=8,IF(OR(A15=1,A15=2),Inputs!$B$28,IF(A15>=3,Inputs!$B$29,0)),(1-Solve!$B$30)*IF(OR(A15=1,A15=2),Inputs!$B$28,IF(A15>=3,Inputs!$B$29,0)))+IF(A15=20,(1-Solve!$B$30)*(Inputs!$B$30+Inputs!$B$27+Inputs!$B$4),0))
A16: 11 | B16: =A16*12/Inputs!$B$15 | C16: =A16/Inputs!$B$15 | D16: =1/(1+Inputs!$B$22)^C16 | E16: =IF(A16=0,-Solve!$B$27,IF(B16=Inputs!$B$11,Inputs!$B$5,0)) | F16: =IF(A16=0,-Solve!$B$27,IF(AND(B16>Inputs!$B$11,B16<=Inputs!$B$11+Inputs!$B$13),Solve!$B$31,0)+IF(B16=Inputs!$B$11+Inputs!$B$13,Inputs!$B$5,0)) | G16: =IF(A16=0,-Solve!$B$27,IF(A16=20,Solve!$B$30*(Inputs!$B$30+Inputs!$B$27+Inputs!$B$4)*1000000/Solve!$B$28,IF(B16>Inputs!$B$14,Solve!$B$30*Inputs!$B$29*1000000/Solve!$B$28,0))) | H16: =Inputs!$B$18*E16+Inputs!$B$19*F16+Inputs!$B$20*G16 | I16: =E16*$D16 | J16: =F16*$D16 | K16: =G16*$D16 | L16: =H16*$D16 | N16: =IF(A16=0,0,E16*Solve!$B$28/1000000) | O16: =IF(A16=0,0,F16*Solve!$B$28/1000000) | P16: =IF(A16=0,0,G16*Solve!$B$28/1000000) | R16: =IF(A16=0,-Inputs!$B$27,IF(OR(A16=1,A16=2),Inputs!$B$28,IF(A16>=3,Inputs!$B$29,0))+IF(A16=20,Inputs!$B$30+Inputs!$B$27,0)) | S16: =IF(A16=0,-Inputs!$B$27,IF(A16<=8,IF(OR(A16=1,A16=2),Inputs!$B$28,IF(A16>=3,Inputs!$B$29,0)),(1-Solve!$B$30)*IF(OR(A16=1,A16=2),Inputs!$B$28,IF(A16>=3,Inputs!$B$29,0)))+IF(A16=20,(1-Solve!$B$30)*(Inputs!$B$30+Inputs!$B$27+Inputs!$B$4),0))
... A25: 20 | B25: =A25*12/Inputs!$B$15 | C25: =A25/Inputs!$B$15 | D25: =1/(1+Inputs!$B$22)^C25 | E25: =IF(A25=0,-Solve!$B$27,IF(B25=Inputs!$B$11,Inputs!$B$5,0)) | F25: =IF(A25=0,-Solve!$B$27,IF(AND(B25>Inputs!$B$11,B25<=Inputs!$B$11+Inputs!$B$13),Solve!$B$31,0)+IF(B25=Inputs!$B$11+Inputs!$B$13,Inputs!$B$5,0)) | G25: =IF(A25=0,-Solve!$B$27,IF(A25=20,Solve!$B$30*(Inputs!$B$30+Inputs!$B$27+Inputs!$B$4)*1000000/Solve!$B$28,IF(B25>Inputs!$B$14,Solve!$B$30*Inputs!$B$29*1000000/Solve!$B$28,0))) | H25: =Inputs!$B$18*E25+Inputs!$B$19*F25+Inputs!$B$20*G25 | I25: =E25*$D25 | J25: =F25*$D25 | K25: =G25*$D25 | L25: =H25*$D25 | N25: =IF(A25=0,0,E25*Solve!$B$28/1000000) | O25: =IF(A25=0,0,F25*Solve!$B$28/1000000) | P25: =IF(A25=0,0,G25*Solve!$B$28/1000000) | R25: =IF(A25=0,-Inputs!$B$27,IF(OR(A25=1,A25=2),Inputs!$B$28,IF(A25>=3,Inputs!$B$29,0))+IF(A25=20,Inputs!$B$30+Inputs!$B$27,0)) | S25: =IF(A25=0,-Inputs!$B$27,IF(A25<=8,IF(OR(A25=1,A25=2),Inputs!$B$28,IF(A25>=3,Inputs!$B$29,0)),(1-Solve!$B$30)*IF(OR(A25=1,A25=2),Inputs!$B$28,IF(A25>=3,Inputs!$B$29,0)))+IF(A25=20,(1-Solve!$B$30)*(Inputs!$B$30+Inputs!$B$27+Inputs!$B$4),0))
A27: PV 합계 (FY0 제외) | I27: =SUM(I6:I25) | J27: =SUM(J6:J25) | K27: =SUM(K6:K25) | L27: =SUM(L6:L25) | N27: =SUM(N6:N25) | O27: =SUM(O6:O25) | P27: =SUM(P6:P25)
A28: PV ÷ P* (기대 = 100%) | I28: =I27/Solve!$B$27 | J28: =J27/Solve!$B$27 | K28: =K27/Solve!$B$27 | L28: =L27/Solve!$B$27 | N28: 리츠 총 유출 (납입 10,000 대비)
A29: IRR (연, LF 주당) | E29: =IFERROR((1+IRR(E5:E25))^Inputs!$B$15-1,"n/a") | F29: =IFERROR((1+IRR(F5:F25))^Inputs!$B$15-1,"n/a") | G29: =IFERROR((1+IRR(G5:G25))^Inputs!$B$15-1,"n/a") | H29: =IFERROR((1+IRR(H5:H25))^Inputs!$B$15-1,"n/a") | R29: =IFERROR((1+IRR(R5:R25))^Inputs!$B$15-1,"n/a") | S29: =IFERROR((1+IRR(S5:S25))^Inputs!$B$15-1,"n/a")
A30: E.Multiple (주당 총회수 ÷ P*) | E30: =SUM(E6:E25)/Solve!$B$27 | F30: =SUM(F6:F25)/Solve!$B$27 | G30: =SUM(G6:G25)/Solve!$B$27 | H30: =SUM(H6:H25)/Solve!$B$27 | R30: =SUM(R6:R25)/Inputs!$B$27 | S30: =SUM(S6:S25)/Inputs!$B$27
R32: 검증: R열 KLI 기준 IRR 16.44%·E.M 4.35x = IM J102·J103

Sheet Sensitivity
A1: 민감도 — 주당 공정가치 P* (원) 및 감자 프리미엄 (%)
A2: 행 = 할인율, 열 = 시나리오 A 확률 (C 확률 = Inputs!B20 고정, B = 1−A−C). 전환가액·배당 기준 = Inputs 선택값. 배당 4회 전제
A4: P* (원) 할인율 \ P(A) | B4: 0.5 | C4: 0.6 | D4: 0.7 | E4: 0.8 | F4: 0.9
A5: 0.06 | B5: =((B$4*(1+$A5)^-(Inputs!$B$11/12)+(1-B$4-Inputs!$B$20)*(1+$A5)^-((Inputs!$B$11+Inputs!$B$13)/12))*Inputs!$B$5+IF(Inputs!$B$16=2,(1-B$4-Inputs!$B$20)*(Inputs!$B$12/Inputs!$B$15)*((1+$A5)^-(Inputs!$B$11/12+1/Inputs!$B$15)+(1+$A5)^-(Inputs!$B$11/12+2/Inputs!$B$15)+(1+$A5)^-(Inputs!$B$11/12+3/Inputs!$B$15)+(1+$A5)^-(Inputs!$B$11/12+4/Inputs!$B$15))*Inputs!$B$5,0))/(1-Inputs!$B$20*(Solve!$B$30*Solve!$B$13*(1+$A5)^-10/Inputs!$B$4)-IF(Inputs!$B$16=1,(1-B$4-Inputs!$B$20)*(Inputs!$B$12/Inputs!$B$15)*((1+$A5)^-(Inputs!$B$11/12+1/Inputs!$B$15)+(1+$A5)^-(Inputs!$B$11/12+2/Inputs!$B$15)+(1+$A5)^-(Inputs!$B$11/12+3/Inputs!$B$15)+(1+$A5)^-(Inputs!$B$11/12+4/Inputs!$B$15)),0)) | C5: =((C$4*(1+$A5)^-(Inputs!$B$11/12)+(1-C$4-Inputs!$B$20)*(1+$A5)^-((Inputs!$B$11+Inputs!$B$13)/12))*Inputs!$B$5+IF(Inputs!$B$16=2,(1-C$4-Inputs!$B$20)*(Inputs!$B$12/Inputs!$B$15)*((1+$A5)^-(Inputs!$B$11/12+1/Inputs!$B$15)+(1+$A5)^-(Inputs!$B$11/12+2/Inputs!$B$15)+(1+$A5)^-(Inputs!$B$11/12+3/Inputs!$B$15)+(1+$A5)^-(Inputs!$B$11/12+4/Inputs!$B$15))*Inputs!$B$5,0))/(1-Inputs!$B$20*(Solve!$B$30*Solve!$B$13*(1+$A5)^-10/Inputs!$B$4)-IF(Inputs!$B$16=1,(1-C$4-Inputs!$B$20)*(Inputs!$B$12/Inputs!$B$15)*((1+$A5)^-(Inputs!$B$11/12+1/Inputs!$B$15)+(1+$A5)^-(Inputs!$B$11/12+2/Inputs!$B$15)+(1+$A5)^-(Inputs!$B$11/12+3/Inputs!$B$15)+(1+$A5)^-(Inputs!$B$11/12+4/Inputs!$B$15)),0)) | D5: =((D$4*(1+$A5)^-(Inputs!$B$11/12)+(1-D$4-Inputs!$B$20)*(1+$A5)^-((Inputs!$B$11+Inputs!$B$13)/12))*Inputs!$B$5+IF(Inputs!$B$16=2,(1-D$4-Inputs!$B$20)*(Inputs!$B$12/Inputs!$B$15)*((1+$A5)^-(Inputs!$B$11/12+1/Inputs!$B$15)+(1+$A5)^-(Inputs!$B$11/12+2/Inputs!$B$15)+(1+$A5)^-(Inputs!$B$11/12+3/Inputs!$B$15)+(1+$A5)^-(Inputs!$B$11/12+4/Inputs!$B$15))*Inputs!$B$5,0))/(1-Inputs!$B$20*(Solve!$B$30*Solve!$B$13*(1+$A5)^-10/Inputs!$B$4)-IF(Inputs!$B$16=1,(1-D$4-Inputs!$B$20)*(Inputs!$B$12/Inputs!$B$15)*((1+$A5)^-(Inputs!$B$11/12+1/Inputs!$B$15)+(1+$A5)^-(Inputs!$B$11/12+2/Inputs!$B$15)+(1+$A5)^-(Inputs!$B$11/12+3/Inputs!$B$15)+(1+$A5)^-(Inputs!$B$11/12+4/Inputs!$B$15)),0)) | E5: =((E$4*(1+$A5)^-(Inputs!$B$11/12)+(1-E$4-Inputs!$B$20)*(1+$A5)^-((Inputs!$B$11+Inputs!$B$13)/12))*Inputs!$B$5+IF(Inputs!$B$16=2,(1-E$4-Inputs!$B$20)*(Inputs!$B$12/Inputs!$B$15)*((1+$A5)^-(Inputs!$B$11/12+1/Inputs!$B$15)+(1+$A5)^-(Inputs!$B$11/12+2/Inputs!$B$15)+(1+$A5)^-(Inputs!$B$11/12+3/Inputs!$B$15)+(1+$A5)^-(Inputs!$B$11/12+4/Inputs!$B$15))*Inputs!$B$5,0))/(1-Inputs!$B$20*(Solve!$B$30*Solve!$B$13*(1+$A5)^-10/Inputs!$B$4)-IF(Inputs!$B$16=1,(1-E$4-Inputs!$B$20)*(Inputs!$B$12/Inputs!$B$15)*((1+$A5)^-(Inputs!$B$11/12+1/Inputs!$B$15)+(1+$A5)^-(Inputs!$B$11/12+2/Inputs!$B$15)+(1+$A5)^-(Inputs!$B$11/12+3/Inputs!$B$15)+(1+$A5)^-(Inputs!$B$11/12+4/Inputs!$B$15)),0)) | F5: =((F$4*(1+$A5)^-(Inputs!$B$11/12)+(1-F$4-Inputs!$B$20)*(1+$A5)^-((Inputs!$B$11+Inputs!$B$13)/12))*Inputs!$B$5+IF(Inputs!$B$16=2,(1-F$4-Inputs!$B$20)*(Inputs!$B$12/Inputs!$B$15)*((1+$A5)^-(Inputs!$B$11/12+1/Inputs!$B$15)+(1+$A5)^-(Inputs!$B$11/12+2/Inputs!$B$15)+(1+$A5)^-(Inputs!$B$11/12+3/Inputs!$B$15)+(1+$A5)^-(Inputs!$B$11/12+4/Inputs!$B$15))*Inputs!$B$5,0))/(1-Inputs!$B$20*(Solve!$B$30*Solve!$B$13*(1+$A5)^-10/Inputs!$B$4)-IF(Inputs!$B$16=1,(1-F$4-Inputs!$B$20)*(Inputs!$B$12/Inputs!$B$15)*((1+$A5)^-(Inputs!$B$11/12+1/Inputs!$B$15)+(1+$A5)^-(Inputs!$B$11/12+2/Inputs!$B$15)+(1+$A5)^-(Inputs!$B$11/12+3/Inputs!$B$15)+(1+$A5)^-(Inputs!$B$11/12+4/Inputs!$B$15)),0))
A6: 0.07 | B6: =((B$4*(1+$A6)^-(Inputs!$B$11/12)+(1-B$4-Inputs!$B$20)*(1+$A6)^-((Inputs!$B$11+Inputs!$B$13)/12))*Inputs!$B$5+IF(Inputs!$B$16=2,(1-B$4-Inputs!$B$20)*(Inputs!$B$12/Inputs!$B$15)*((1+$A6)^-(Inputs!$B$11/12+1/Inputs!$B$15)+(1+$A6)^-(Inputs!$B$11/12+2/Inputs!$B$15)+(1+$A6)^-(Inputs!$B$11/12+3/Inputs!$B$15)+(1+$A6)^-(Inputs!$B$11/12+4/Inputs!$B$15))*Inputs!$B$5,0))/(1-Inputs!$B$20*(Solve!$B$30*Solve!$B$13*(1+$A6)^-10/Inputs!$B$4)-IF(Inputs!$B$16=1,(1-B$4-Inputs!$B$20)*(Inputs!$B$12/Inputs!$B$15)*((1+$A6)^-(Inputs!$B$11/12+1/Inputs!$B$15)+(1+$A6)^-(Inputs!$B$11/12+2/Inputs!$B$15)+(1+$A6)^-(Inputs!$B$11/12+3/Inputs!$B$15)+(1+$A6)^-(Inputs!$B$11/12+4/Inputs!$B$15)),0)) | C6: =((C$4*(1+$A6)^-(Inputs!$B$11/12)+(1-C$4-Inputs!$B$20)*(1+$A6)^-((Inputs!$B$11+Inputs!$B$13)/12))*Inputs!$B$5+IF(Inputs!$B$16=2,(1-C$4-Inputs!$B$20)*(Inputs!$B$12/Inputs!$B$15)*((1+$A6)^-(Inputs!$B$11/12+1/Inputs!$B$15)+(1+$A6)^-(Inputs!$B$11/12+2/Inputs!$B$15)+(1+$A6)^-(Inputs!$B$11/12+3/Inputs!$B$15)+(1+$A6)^-(Inputs!$B$11/12+4/Inputs!$B$15))*Inputs!$B$5,0))/(1-Inputs!$B$20*(Solve!$B$30*Solve!$B$13*(1+$A6)^-10/Inputs!$B$4)-IF(Inputs!$B$16=1,(1-C$4-Inputs!$B$20)*(Inputs!$B$12/Inputs!$B$15)*((1+$A6)^-(Inputs!$B$11/12+1/Inputs!$B$15)+(1+$A6)^-(Inputs!$B$11/12+2/Inputs!$B$15)+(1+$A6)^-(Inputs!$B$11/12+3/Inputs!$B$15)+(1+$A6)^-(Inputs!$B$11/12+4/Inputs!$B$15)),0)) | D6: =((D$4*(1+$A6)^-(Inputs!$B$11/12)+(1-D$4-Inputs!$B$20)*(1+$A6)^-((Inputs!$B$11+Inputs!$B$13)/12))*Inputs!$B$5+IF(Inputs!$B$16=2,(1-D$4-Inputs!$B$20)*(Inputs!$B$12/Inputs!$B$15)*((1+$A6)^-(Inputs!$B$11/12+1/Inputs!$B$15)+(1+$A6)^-(Inputs!$B$11/12+2/Inputs!$B$15)+(1+$A6)^-(Inputs!$B$11/12+3/Inputs!$B$15)+(1+$A6)^-(Inputs!$B$11/12+4/Inputs!$B$15))*Inputs!$B$5,0))/(1-Inputs!$B$20*(Solve!$B$30*Solve!$B$13*(1+$A6)^-10/Inputs!$B$4)-IF(Inputs!$B$16=1,(1-D$4-Inputs!$B$20)*(Inputs!$B$12/Inputs!$B$15)*((1+$A6)^-(Inputs!$B$11/12+1/Inputs!$B$15)+(1+$A6)^-(Inputs!$B$11/12+2/Inputs!$B$15)+(1+$A6)^-(Inputs!$B$11/12+3/Inputs!$B$15)+(1+$A6)^-(Inputs!$B$11/12+4/Inputs!$B$15)),0)) | E6: =((E$4*(1+$A6)^-(Inputs!$B$11/12)+(1-E$4-Inputs!$B$20)*(1+$A6)^-((Inputs!$B$11+Inputs!$B$13)/12))*Inputs!$B$5+IF(Inputs!$B$16=2,(1-E$4-Inputs!$B$20)*(Inputs!$B$12/Inputs!$B$15)*((1+$A6)^-(Inputs!$B$11/12+1/Inputs!$B$15)+(1+$A6)^-(Inputs!$B$11/12+2/Inputs!$B$15)+(1+$A6)^-(Inputs!$B$11/12+3/Inputs!$B$15)+(1+$A6)^-(Inputs!$B$11/12+4/Inputs!$B$15))*Inputs!$B$5,0))/(1-Inputs!$B$20*(Solve!$B$30*Solve!$B$13*(1+$A6)^-10/Inputs!$B$4)-IF(Inputs!$B$16=1,(1-E$4-Inputs!$B$20)*(Inputs!$B$12/Inputs!$B$15)*((1+$A6)^-(Inputs!$B$11/12+1/Inputs!$B$15)+(1+$A6)^-(Inputs!$B$11/12+2/Inputs!$B$15)+(1+$A6)^-(Inputs!$B$11/12+3/Inputs!$B$15)+(1+$A6)^-(Inputs!$B$11/12+4/Inputs!$B$15)),0)) | F6: =((F$4*(1+$A6)^-(Inputs!$B$11/12)+(1-F$4-Inputs!$B$20)*(1+$A6)^-((Inputs!$B$11+Inputs!$B$13)/12))*Inputs!$B$5+IF(Inputs!$B$16=2,(1-F$4-Inputs!$B$20)*(Inputs!$B$12/Inputs!$B$15)*((1+$A6)^-(Inputs!$B$11/12+1/Inputs!$B$15)+(1+$A6)^-(Inputs!$B$11/12+2/Inputs!$B$15)+(1+$A6)^-(Inputs!$B$11/12+3/Inputs!$B$15)+(1+$A6)^-(Inputs!$B$11/12+4/Inputs!$B$15))*Inputs!$B$5,0))/(1-Inputs!$B$20*(Solve!$B$30*Solve!$B$13*(1+$A6)^-10/Inputs!$B$4)-IF(Inputs!$B$16=1,(1-F$4-Inputs!$B$20)*(Inputs!$B$12/Inputs!$B$15)*((1+$A6)^-(Inputs!$B$11/12+1/Inputs!$B$15)+(1+$A6)^-(Inputs!$B$11/12+2/Inputs!$B$15)+(1+$A6)^-(Inputs!$B$11/12+3/Inputs!$B$15)+(1+$A6)^-(Inputs!$B$11/12+4/Inputs!$B$15)),0))
A7: 0.08 | B7: =((B$4*(1+$A7)^-(Inputs!$B$11/12)+(1-B$4-Inputs!$B$20)*(1+$A7)^-((Inputs!$B$11+Inputs!$B$13)/12))*Inputs!$B$5+IF(Inputs!$B$16=2,(1-B$4-Inputs!$B$20)*(Inputs!$B$12/Inputs!$B$15)*((1+$A7)^-(Inputs!$B$11/12+1/Inputs!$B$15)+(1+$A7)^-(Inputs!$B$11/12+2/Inputs!$B$15)+(1+$A7)^-(Inputs!$B$11/12+3/Inputs!$B$15)+(1+$A7)^-(Inputs!$B$11/12+4/Inputs!$B$15))*Inputs!$B$5,0))/(1-Inputs!$B$20*(Solve!$B$30*Solve!$B$13*(1+$A7)^-10/Inputs!$B$4)-IF(Inputs!$B$16=1,(1-B$4-Inputs!$B$20)*(Inputs!$B$12/Inputs!$B$15)*((1+$A7)^-(Inputs!$B$11/12+1/Inputs!$B$15)+(1+$A7)^-(Inputs!$B$11/12+2/Inputs!$B$15)+(1+$A7)^-(Inputs!$B$11/12+3/Inputs!$B$15)+(1+$A7)^-(Inputs!$B$11/12+4/Inputs!$B$15)),0)) | C7: =((C$4*(1+$A7)^-(Inputs!$B$11/12)+(1-C$4-Inputs!$B$20)*(1+$A7)^-((Inputs!$B$11+Inputs!$B$13)/12))*Inputs!$B$5+IF(Inputs!$B$16=2,(1-C$4-Inputs!$B$20)*(Inputs!$B$12/Inputs!$B$15)*((1+$A7)^-(Inputs!$B$11/12+1/Inputs!$B$15)+(1+$A7)^-(Inputs!$B$11/12+2/Inputs!$B$15)+(1+$A7)^-(Inputs!$B$11/12+3/Inputs!$B$15)+(1+$A7)^-(Inputs!$B$11/12+4/Inputs!$B$15))*Inputs!$B$5,0))/(1-Inputs!$B$20*(Solve!$B$30*Solve!$B$13*(1+$A7)^-10/Inputs!$B$4)-IF(Inputs!$B$16=1,(1-C$4-Inputs!$B$20)*(Inputs!$B$12/Inputs!$B$15)*((1+$A7)^-(Inputs!$B$11/12+1/Inputs!$B$15)+(1+$A7)^-(Inputs!$B$11/12+2/Inputs!$B$15)+(1+$A7)^-(Inputs!$B$11/12+3/Inputs!$B$15)+(1+$A7)^-(Inputs!$B$11/12+4/Inputs!$B$15)),0)) | D7: =((D$4*(1+$A7)^-(Inputs!$B$11/12)+(1-D$4-Inputs!$B$20)*(1+$A7)^-((Inputs!$B$11+Inputs!$B$13)/12))*Inputs!$B$5+IF(Inputs!$B$16=2,(1-D$4-Inputs!$B$20)*(Inputs!$B$12/Inputs!$B$15)*((1+$A7)^-(Inputs!$B$11/12+1/Inputs!$B$15)+(1+$A7)^-(Inputs!$B$11/12+2/Inputs!$B$15)+(1+$A7)^-(Inputs!$B$11/12+3/Inputs!$B$15)+(1+$A7)^-(Inputs!$B$11/12+4/Inputs!$B$15))*Inputs!$B$5,0))/(1-Inputs!$B$20*(Solve!$B$30*Solve!$B$13*(1+$A7)^-10/Inputs!$B$4)-IF(Inputs!$B$16=1,(1-D$4-Inputs!$B$20)*(Inputs!$B$12/Inputs!$B$15)*((1+$A7)^-(Inputs!$B$11/12+1/Inputs!$B$15)+(1+$A7)^-(Inputs!$B$11/12+2/Inputs!$B$15)+(1+$A7)^-(Inputs!$B$11/12+3/Inputs!$B$15)+(1+$A7)^-(Inputs!$B$11/12+4/Inputs!$B$15)),0)) | E7: =((E$4*(1+$A7)^-(Inputs!$B$11/12)+(1-E$4-Inputs!$B$20)*(1+$A7)^-((Inputs!$B$11+Inputs!$B$13)/12))*Inputs!$B$5+IF(Inputs!$B$16=2,(1-E$4-Inputs!$B$20)*(Inputs!$B$12/Inputs!$B$15)*((1+$A7)^-(Inputs!$B$11/12+1/Inputs!$B$15)+(1+$A7)^-(Inputs!$B$11/12+2/Inputs!$B$15)+(1+$A7)^-(Inputs!$B$11/12+3/Inputs!$B$15)+(1+$A7)^-(Inputs!$B$11/12+4/Inputs!$B$15))*Inputs!$B$5,0))/(1-Inputs!$B$20*(Solve!$B$30*Solve!$B$13*(1+$A7)^-10/Inputs!$B$4)-IF(Inputs!$B$16=1,(1-E$4-Inputs!$B$20)*(Inputs!$B$12/Inputs!$B$15)*((1+$A7)^-(Inputs!$B$11/12+1/Inputs!$B$15)+(1+$A7)^-(Inputs!$B$11/12+2/Inputs!$B$15)+(1+$A7)^-(Inputs!$B$11/12+3/Inputs!$B$15)+(1+$A7)^-(Inputs!$B$11/12+4/Inputs!$B$15)),0)) | F7: =((F$4*(1+$A7)^-(Inputs!$B$11/12)+(1-F$4-Inputs!$B$20)*(1+$A7)^-((Inputs!$B$11+Inputs!$B$13)/12))*Inputs!$B$5+IF(Inputs!$B$16=2,(1-F$4-Inputs!$B$20)*(Inputs!$B$12/Inputs!$B$15)*((1+$A7)^-(Inputs!$B$11/12+1/Inputs!$B$15)+(1+$A7)^-(Inputs!$B$11/12+2/Inputs!$B$15)+(1+$A7)^-(Inputs!$B$11/12+3/Inputs!$B$15)+(1+$A7)^-(Inputs!$B$11/12+4/Inputs!$B$15))*Inputs!$B$5,0))/(1-Inputs!$B$20*(Solve!$B$30*Solve!$B$13*(1+$A7)^-10/Inputs!$B$4)-IF(Inputs!$B$16=1,(1-F$4-Inputs!$B$20)*(Inputs!$B$12/Inputs!$B$15)*((1+$A7)^-(Inputs!$B$11/12+1/Inputs!$B$15)+(1+$A7)^-(Inputs!$B$11/12+2/Inputs!$B$15)+(1+$A7)^-(Inputs!$B$11/12+3/Inputs!$B$15)+(1+$A7)^-(Inputs!$B$11/12+4/Inputs!$B$15)),0))
A8: 0.09 | B8: =((B$4*(1+$A8)^-(Inputs!$B$11/12)+(1-B$4-Inputs!$B$20)*(1+$A8)^-((Inputs!$B$11+Inputs!$B$13)/12))*Inputs!$B$5+IF(Inputs!$B$16=2,(1-B$4-Inputs!$B$20)*(Inputs!$B$12/Inputs!$B$15)*((1+$A8)^-(Inputs!$B$11/12+1/Inputs!$B$15)+(1+$A8)^-(Inputs!$B$11/12+2/Inputs!$B$15)+(1+$A8)^-(Inputs!$B$11/12+3/Inputs!$B$15)+(1+$A8)^-(Inputs!$B$11/12+4/Inputs!$B$15))*Inputs!$B$5,0))/(1-Inputs!$B$20*(Solve!$B$30*Solve!$B$13*(1+$A8)^-10/Inputs!$B$4)-IF(Inputs!$B$16=1,(1-B$4-Inputs!$B$20)*(Inputs!$B$12/Inputs!$B$15)*((1+$A8)^-(Inputs!$B$11/12+1/Inputs!$B$15)+(1+$A8)^-(Inputs!$B$11/12+2/Inputs!$B$15)+(1+$A8)^-(Inputs!$B$11/12+3/Inputs!$B$15)+(1+$A8)^-(Inputs!$B$11/12+4/Inputs!$B$15)),0)) | C8: =((C$4*(1+$A8)^-(Inputs!$B$11/12)+(1-C$4-Inputs!$B$20)*(1+$A8)^-((Inputs!$B$11+Inputs!$B$13)/12))*Inputs!$B$5+IF(Inputs!$B$16=2,(1-C$4-Inputs!$B$20)*(Inputs!$B$12/Inputs!$B$15)*((1+$A8)^-(Inputs!$B$11/12+1/Inputs!$B$15)+(1+$A8)^-(Inputs!$B$11/12+2/Inputs!$B$15)+(1+$A8)^-(Inputs!$B$11/12+3/Inputs!$B$15)+(1+$A8)^-(Inputs!$B$11/12+4/Inputs!$B$15))*Inputs!$B$5,0))/(1-Inputs!$B$20*(Solve!$B$30*Solve!$B$13*(1+$A8)^-10/Inputs!$B$4)-IF(Inputs!$B$16=1,(1-C$4-Inputs!$B$20)*(Inputs!$B$12/Inputs!$B$15)*((1+$A8)^-(Inputs!$B$11/12+1/Inputs!$B$15)+(1+$A8)^-(Inputs!$B$11/12+2/Inputs!$B$15)+(1+$A8)^-(Inputs!$B$11/12+3/Inputs!$B$15)+(1+$A8)^-(Inputs!$B$11/12+4/Inputs!$B$15)),0)) | D8: =((D$4*(1+$A8)^-(Inputs!$B$11/12)+(1-D$4-Inputs!$B$20)*(1+$A8)^-((Inputs!$B$11+Inputs!$B$13)/12))*Inputs!$B$5+IF(Inputs!$B$16=2,(1-D$4-Inputs!$B$20)*(Inputs!$B$12/Inputs!$B$15)*((1+$A8)^-(Inputs!$B$11/12+1/Inputs!$B$15)+(1+$A8)^-(Inputs!$B$11/12+2/Inputs!$B$15)+(1+$A8)^-(Inputs!$B$11/12+3/Inputs!$B$15)+(1+$A8)^-(Inputs!$B$11/12+4/Inputs!$B$15))*Inputs!$B$5,0))/(1-Inputs!$B$20*(Solve!$B$30*Solve!$B$13*(1+$A8)^-10/Inputs!$B$4)-IF(Inputs!$B$16=1,(1-D$4-Inputs!$B$20)*(Inputs!$B$12/Inputs!$B$15)*((1+$A8)^-(Inputs!$B$11/12+1/Inputs!$B$15)+(1+$A8)^-(Inputs!$B$11/12+2/Inputs!$B$15)+(1+$A8)^-(Inputs!$B$11/12+3/Inputs!$B$15)+(1+$A8)^-(Inputs!$B$11/12+4/Inputs!$B$15)),0)) | E8: =((E$4*(1+$A8)^-(Inputs!$B$11/12)+(1-E$4-Inputs!$B$20)*(1+$A8)^-((Inputs!$B$11+Inputs!$B$13)/12))*Inputs!$B$5+IF(Inputs!$B$16=2,(1-E$4-Inputs!$B$20)*(Inputs!$B$12/Inputs!$B$15)*((1+$A8)^-(Inputs!$B$11/12+1/Inputs!$B$15)+(1+$A8)^-(Inputs!$B$11/12+2/Inputs!$B$15)+(1+$A8)^-(Inputs!$B$11/12+3/Inputs!$B$15)+(1+$A8)^-(Inputs!$B$11/12+4/Inputs!$B$15))*Inputs!$B$5,0))/(1-Inputs!$B$20*(Solve!$B$30*Solve!$B$13*(1+$A8)^-10/Inputs!$B$4)-IF(Inputs!$B$16=1,(1-E$4-Inputs!$B$20)*(Inputs!$B$12/Inputs!$B$15)*((1+$A8)^-(Inputs!$B$11/12+1/Inputs!$B$15)+(1+$A8)^-(Inputs!$B$11/12+2/Inputs!$B$15)+(1+$A8)^-(Inputs!$B$11/12+3/Inputs!$B$15)+(1+$A8)^-(Inputs!$B$11/12+4/Inputs!$B$15)),0)) | F8: =((F$4*(1+$A8)^-(Inputs!$B$11/12)+(1-F$4-Inputs!$B$20)*(1+$A8)^-((Inputs!$B$11+Inputs!$B$13)/12))*Inputs!$B$5+IF(Inputs!$B$16=2,(1-F$4-Inputs!$B$20)*(Inputs!$B$12/Inputs!$B$15)*((1+$A8)^-(Inputs!$B$11/12+1/Inputs!$B$15)+(1+$A8)^-(Inputs!$B$11/12+2/Inputs!$B$15)+(1+$A8)^-(Inputs!$B$11/12+3/Inputs!$B$15)+(1+$A8)^-(Inputs!$B$11/12+4/Inputs!$B$15))*Inputs!$B$5,0))/(1-Inputs!$B$20*(Solve!$B$30*Solve!$B$13*(1+$A8)^-10/Inputs!$B$4)-IF(Inputs!$B$16=1,(1-F$4-Inputs!$B$20)*(Inputs!$B$12/Inputs!$B$15)*((1+$A8)^-(Inputs!$B$11/12+1/Inputs!$B$15)+(1+$A8)^-(Inputs!$B$11/12+2/Inputs!$B$15)+(1+$A8)^-(Inputs!$B$11/12+3/Inputs!$B$15)+(1+$A8)^-(Inputs!$B$11/12+4/Inputs!$B$15)),0))
A9: 0.1 | B9: =((B$4*(1+$A9)^-(Inputs!$B$11/12)+(1-B$4-Inputs!$B$20)*(1+$A9)^-((Inputs!$B$11+Inputs!$B$13)/12))*Inputs!$B$5+IF(Inputs!$B$16=2,(1-B$4-Inputs!$B$20)*(Inputs!$B$12/Inputs!$B$15)*((1+$A9)^-(Inputs!$B$11/12+1/Inputs!$B$15)+(1+$A9)^-(Inputs!$B$11/12+2/Inputs!$B$15)+(1+$A9)^-(Inputs!$B$11/12+3/Inputs!$B$15)+(1+$A9)^-(Inputs!$B$11/12+4/Inputs!$B$15))*Inputs!$B$5,0))/(1-Inputs!$B$20*(Solve!$B$30*Solve!$B$13*(1+$A9)^-10/Inputs!$B$4)-IF(Inputs!$B$16=1,(1-B$4-Inputs!$B$20)*(Inputs!$B$12/Inputs!$B$15)*((1+$A9)^-(Inputs!$B$11/12+1/Inputs!$B$15)+(1+$A9)^-(Inputs!$B$11/12+2/Inputs!$B$15)+(1+$A9)^-(Inputs!$B$11/12+3/Inputs!$B$15)+(1+$A9)^-(Inputs!$B$11/12+4/Inputs!$B$15)),0)) | C9: =((C$4*(1+$A9)^-(Inputs!$B$11/12)+(1-C$4-Inputs!$B$20)*(1+$A9)^-((Inputs!$B$11+Inputs!$B$13)/12))*Inputs!$B$5+IF(Inputs!$B$16=2,(1-C$4-Inputs!$B$20)*(Inputs!$B$12/Inputs!$B$15)*((1+$A9)^-(Inputs!$B$11/12+1/Inputs!$B$15)+(1+$A9)^-(Inputs!$B$11/12+2/Inputs!$B$15)+(1+$A9)^-(Inputs!$B$11/12+3/Inputs!$B$15)+(1+$A9)^-(Inputs!$B$11/12+4/Inputs!$B$15))*Inputs!$B$5,0))/(1-Inputs!$B$20*(Solve!$B$30*Solve!$B$13*(1+$A9)^-10/Inputs!$B$4)-IF(Inputs!$B$16=1,(1-C$4-Inputs!$B$20)*(Inputs!$B$12/Inputs!$B$15)*((1+$A9)^-(Inputs!$B$11/12+1/Inputs!$B$15)+(1+$A9)^-(Inputs!$B$11/12+2/Inputs!$B$15)+(1+$A9)^-(Inputs!$B$11/12+3/Inputs!$B$15)+(1+$A9)^-(Inputs!$B$11/12+4/Inputs!$B$15)),0)) | D9: =((D$4*(1+$A9)^-(Inputs!$B$11/12)+(1-D$4-Inputs!$B$20)*(1+$A9)^-((Inputs!$B$11+Inputs!$B$13)/12))*Inputs!$B$5+IF(Inputs!$B$16=2,(1-D$4-Inputs!$B$20)*(Inputs!$B$12/Inputs!$B$15)*((1+$A9)^-(Inputs!$B$11/12+1/Inputs!$B$15)+(1+$A9)^-(Inputs!$B$11/12+2/Inputs!$B$15)+(1+$A9)^-(Inputs!$B$11/12+3/Inputs!$B$15)+(1+$A9)^-(Inputs!$B$11/12+4/Inputs!$B$15))*Inputs!$B$5,0))/(1-Inputs!$B$20*(Solve!$B$30*Solve!$B$13*(1+$A9)^-10/Inputs!$B$4)-IF(Inputs!$B$16=1,(1-D$4-Inputs!$B$20)*(Inputs!$B$12/Inputs!$B$15)*((1+$A9)^-(Inputs!$B$11/12+1/Inputs!$B$15)+(1+$A9)^-(Inputs!$B$11/12+2/Inputs!$B$15)+(1+$A9)^-(Inputs!$B$11/12+3/Inputs!$B$15)+(1+$A9)^-(Inputs!$B$11/12+4/Inputs!$B$15)),0)) | E9: =((E$4*(1+$A9)^-(Inputs!$B$11/12)+(1-E$4-Inputs!$B$20)*(1+$A9)^-((Inputs!$B$11+Inputs!$B$13)/12))*Inputs!$B$5+IF(Inputs!$B$16=2,(1-E$4-Inputs!$B$20)*(Inputs!$B$12/Inputs!$B$15)*((1+$A9)^-(Inputs!$B$11/12+1/Inputs!$B$15)+(1+$A9)^-(Inputs!$B$11/12+2/Inputs!$B$15)+(1+$A9)^-(Inputs!$B$11/12+3/Inputs!$B$15)+(1+$A9)^-(Inputs!$B$11/12+4/Inputs!$B$15))*Inputs!$B$5,0))/(1-Inputs!$B$20*(Solve!$B$30*Solve!$B$13*(1+$A9)^-10/Inputs!$B$4)-IF(Inputs!$B$16=1,(1-E$4-Inputs!$B$20)*(Inputs!$B$12/Inputs!$B$15)*((1+$A9)^-(Inputs!$B$11/12+1/Inputs!$B$15)+(1+$A9)^-(Inputs!$B$11/12+2/Inputs!$B$15)+(1+$A9)^-(Inputs!$B$11/12+3/Inputs!$B$15)+(1+$A9)^-(Inputs!$B$11/12+4/Inputs!$B$15)),0)) | F9: =((F$4*(1+$A9)^-(Inputs!$B$11/12)+(1-F$4-Inputs!$B$20)*(1+$A9)^-((Inputs!$B$11+Inputs!$B$13)/12))*Inputs!$B$5+IF(Inputs!$B$16=2,(1-F$4-Inputs!$B$20)*(Inputs!$B$12/Inputs!$B$15)*((1+$A9)^-(Inputs!$B$11/12+1/Inputs!$B$15)+(1+$A9)^-(Inputs!$B$11/12+2/Inputs!$B$15)+(1+$A9)^-(Inputs!$B$11/12+3/Inputs!$B$15)+(1+$A9)^-(Inputs!$B$11/12+4/Inputs!$B$15))*Inputs!$B$5,0))/(1-Inputs!$B$20*(Solve!$B$30*Solve!$B$13*(1+$A9)^-10/Inputs!$B$4)-IF(Inputs!$B$16=1,(1-F$4-Inputs!$B$20)*(Inputs!$B$12/Inputs!$B$15)*((1+$A9)^-(Inputs!$B$11/12+1/Inputs!$B$15)+(1+$A9)^-(Inputs!$B$11/12+2/Inputs!$B$15)+(1+$A9)^-(Inputs!$B$11/12+3/Inputs!$B$15)+(1+$A9)^-(Inputs!$B$11/12+4/Inputs!$B$15)),0))
A10: 0.12 | B10: =((B$4*(1+$A10)^-(Inputs!$B$11/12)+(1-B$4-Inputs!$B$20)*(1+$A10)^-((Inputs!$B$11+Inputs!$B$13)/12))*Inputs!$B$5+IF(Inputs!$B$16=2,(1-B$4-Inputs!$B$20)*(Inputs!$B$12/Inputs!$B$15)*((1+$A10)^-(Inputs!$B$11/12+1/Inputs!$B$15)+(1+$A10)^-(Inputs!$B$11/12+2/Inputs!$B$15)+(1+$A10)^-(Inputs!$B$11/12+3/Inputs!$B$15)+(1+$A10)^-(Inputs!$B$11/12+4/Inputs!$B$15))*Inputs!$B$5,0))/(1-Inputs!$B$20*(Solve!$B$30*Solve!$B$13*(1+$A10)^-10/Inputs!$B$4)-IF(Inputs!$B$16=1,(1-B$4-Inputs!$B$20)*(Inputs!$B$12/Inputs!$B$15)*((1+$A10)^-(Inputs!$B$11/12+1/Inputs!$B$15)+(1+$A10)^-(Inputs!$B$11/12+2/Inputs!$B$15)+(1+$A10)^-(Inputs!$B$11/12+3/Inputs!$B$15)+(1+$A10)^-(Inputs!$B$11/12+4/Inputs!$B$15)),0)) | C10: =((C$4*(1+$A10)^-(Inputs!$B$11/12)+(1-C$4-Inputs!$B$20)*(1+$A10)^-((Inputs!$B$11+Inputs!$B$13)/12))*Inputs!$B$5+IF(Inputs!$B$16=2,(1-C$4-Inputs!$B$20)*(Inputs!$B$12/Inputs!$B$15)*((1+$A10)^-(Inputs!$B$11/12+1/Inputs!$B$15)+(1+$A10)^-(Inputs!$B$11/12+2/Inputs!$B$15)+(1+$A10)^-(Inputs!$B$11/12+3/Inputs!$B$15)+(1+$A10)^-(Inputs!$B$11/12+4/Inputs!$B$15))*Inputs!$B$5,0))/(1-Inputs!$B$20*(Solve!$B$30*Solve!$B$13*(1+$A10)^-10/Inputs!$B$4)-IF(Inputs!$B$16=1,(1-C$4-Inputs!$B$20)*(Inputs!$B$12/Inputs!$B$15)*((1+$A10)^-(Inputs!$B$11/12+1/Inputs!$B$15)+(1+$A10)^-(Inputs!$B$11/12+2/Inputs!$B$15)+(1+$A10)^-(Inputs!$B$11/12+3/Inputs!$B$15)+(1+$A10)^-(Inputs!$B$11/12+4/Inputs!$B$15)),0)) | D10: =((D$4*(1+$A10)^-(Inputs!$B$11/12)+(1-D$4-Inputs!$B$20)*(1+$A10)^-((Inputs!$B$11+Inputs!$B$13)/12))*Inputs!$B$5+IF(Inputs!$B$16=2,(1-D$4-Inputs!$B$20)*(Inputs!$B$12/Inputs!$B$15)*((1+$A10)^-(Inputs!$B$11/12+1/Inputs!$B$15)+(1+$A10)^-(Inputs!$B$11/12+2/Inputs!$B$15)+(1+$A10)^-(Inputs!$B$11/12+3/Inputs!$B$15)+(1+$A10)^-(Inputs!$B$11/12+4/Inputs!$B$15))*Inputs!$B$5,0))/(1-Inputs!$B$20*(Solve!$B$30*Solve!$B$13*(1+$A10)^-10/Inputs!$B$4)-IF(Inputs!$B$16=1,(1-D$4-Inputs!$B$20)*(Inputs!$B$12/Inputs!$B$15)*((1+$A10)^-(Inputs!$B$11/12+1/Inputs!$B$15)+(1+$A10)^-(Inputs!$B$11/12+2/Inputs!$B$15)+(1+$A10)^-(Inputs!$B$11/12+3/Inputs!$B$15)+(1+$A10)^-(Inputs!$B$11/12+4/Inputs!$B$15)),0)) | E10: =((E$4*(1+$A10)^-(Inputs!$B$11/12)+(1-E$4-Inputs!$B$20)*(1+$A10)^-((Inputs!$B$11+Inputs!$B$13)/12))*Inputs!$B$5+IF(Inputs!$B$16=2,(1-E$4-Inputs!$B$20)*(Inputs!$B$12/Inputs!$B$15)*((1+$A10)^-(Inputs!$B$11/12+1/Inputs!$B$15)+(1+$A10)^-(Inputs!$B$11/12+2/Inputs!$B$15)+(1+$A10)^-(Inputs!$B$11/12+3/Inputs!$B$15)+(1+$A10)^-(Inputs!$B$11/12+4/Inputs!$B$15))*Inputs!$B$5,0))/(1-Inputs!$B$20*(Solve!$B$30*Solve!$B$13*(1+$A10)^-10/Inputs!$B$4)-IF(Inputs!$B$16=1,(1-E$4-Inputs!$B$20)*(Inputs!$B$12/Inputs!$B$15)*((1+$A10)^-(Inputs!$B$11/12+1/Inputs!$B$15)+(1+$A10)^-(Inputs!$B$11/12+2/Inputs!$B$15)+(1+$A10)^-(Inputs!$B$11/12+3/Inputs!$B$15)+(1+$A10)^-(Inputs!$B$11/12+4/Inputs!$B$15)),0)) | F10: =((F$4*(1+$A10)^-(Inputs!$B$11/12)+(1-F$4-Inputs!$B$20)*(1+$A10)^-((Inputs!$B$11+Inputs!$B$13)/12))*Inputs!$B$5+IF(Inputs!$B$16=2,(1-F$4-Inputs!$B$20)*(Inputs!$B$12/Inputs!$B$15)*((1+$A10)^-(Inputs!$B$11/12+1/Inputs!$B$15)+(1+$A10)^-(Inputs!$B$11/12+2/Inputs!$B$15)+(1+$A10)^-(Inputs!$B$11/12+3/Inputs!$B$15)+(1+$A10)^-(Inputs!$B$11/12+4/Inputs!$B$15))*Inputs!$B$5,0))/(1-Inputs!$B$20*(Solve!$B$30*Solve!$B$13*(1+$A10)^-10/Inputs!$B$4)-IF(Inputs!$B$16=1,(1-F$4-Inputs!$B$20)*(Inputs!$B$12/Inputs!$B$15)*((1+$A10)^-(Inputs!$B$11/12+1/Inputs!$B$15)+(1+$A10)^-(Inputs!$B$11/12+2/Inputs!$B$15)+(1+$A10)^-(Inputs!$B$11/12+3/Inputs!$B$15)+(1+$A10)^-(Inputs!$B$11/12+4/Inputs!$B$15)),0))
A13: 감자 프리미엄 할인율 \ P(A) | B13: 0.5 | C13: 0.6 | D13: 0.7 | E13: 0.8 | F13: 0.9
A14: =A5 | B14: =Inputs!$B$5/B5-1 | C14: =Inputs!$B$5/C5-1 | D14: =Inputs!$B$5/D5-1 | E14: =Inputs!$B$5/E5-1 | F14: =Inputs!$B$5/F5-1
A15: =A6 | B15: =Inputs!$B$5/B6-1 | C15: =Inputs!$B$5/C6-1 | D15: =Inputs!$B$5/D6-1 | E15: =Inputs!$B$5/E6-1 | F15: =Inputs!$B$5/F6-1
A16: =A7 | B16: =Inputs!$B$5/B7-1 | C16: =Inputs!$B$5/C7-1 | D16: =Inputs!$B$5/D7-1 | E16: =Inputs!$B$5/E7-1 | F16: =Inputs!$B$5/F7-1
A17: =A8 | B17: =Inputs!$B$5/B8-1 | C17: =Inputs!$B$5/C8-1 | D17: =Inputs!$B$5/D8-1 | E17: =Inputs!$B$5/E8-1 | F17: =Inputs!$B$5/F8-1
A18: =A9 | B18: =Inputs!$B$5/B9-1 | C18: =Inputs!$B$5/C9-1 | D18: =Inputs!$B$5/D9-1 | E18: =Inputs!$B$5/E9-1 | F18: =Inputs!$B$5/F9-1
A19: =A10 | B19: =Inputs!$B$5/B10-1 | C19: =Inputs!$B$5/C10-1 | D19: =Inputs!$B$5/D10-1 | E19: =Inputs!$B$5/E10-1 | F19: =Inputs!$B$5/F10-1

Sheet Model_Ref
A1: 기준 재무모델 참조 셀
A2: 파일: 04_Equity투자자/models/20260915_재무모델_Financial_Modeling_인가ver_v02.xlsm
A4: 항목 | B4: 값 | C4: 셀 | D4: 비고
A5: 3종 조달일 / 반환일 / 기간 | B5: 2026-10-31 / 2028-10-31 / 24개월 | C5: A&R M43 / N43 / O43 | D5: 무배당·무의결권, C.G 0%, 인수수수료 0%
A6: 3종 조달금액 | B6: 10,000백만원 | C6: A&R Q43 / IM Q61 | D6: 리츠 배당재원 Overfunding
A7: 3종 기존 발행가 / 액면 / 주식수 | B7: 25,000원 / 1,000원 / 400,000주 | C7: A&R P93 / Q93 / R93 | D7: v02에서는 25,000원을 '상환가액'으로 전용
A8: 보통주 발행가 / 주식수 / 출자금 | B8: 5,000원 / 2,960,000주 / 14,800백만원 | C8: A&R P94 / R94 / IM Q62 | D8: 의결권비율 60.16% (A&R U94)
A9: 보통주 운영배당 / C.G | B9: FY1·2 555, FY3~20 0 / FY20 48,460 | C9: IM K79:K98 / L98 | D9: 매각차익 60,575 × 80% (IM U62)
A10: 보통주 IRR / E.Multiple | B10: 16.44% / 4.35x | C10: IM J102 / J103 | D10: FY8 보통주 공정가치 산정 할인율
A11: 1종 / 2종 배당·IRR | B11: 7.0%·7.12% / 7.5%·9.24% | C11: IM T59·V59 / T60·V60 | D11: 3종 요구수익률 판단 참고
A12: 리파이낸싱 | B12: 선순위 213,000 @4.80%, LTV(감정가) 61.8% | C12: A&R P33 / Q33 / T33 | D12: 감자대가 프리미엄 조달 여력 판단
A13: 임대보증금 | B13: 2,100백만원 | C13: A&R P31 | D13: LTV 계산 포함

Sheet Notes
A1: 전제·한계·의뢰 스코프 (v02)
B3: ■ 구조 (v01 대비 변경)
B4: 1. v01은 발행가 25,000원 고정 하에 가치를 산정(→ 발행가 미달 = 고가 인수 문제). v02는 사용자 지시에 따라 ① 발행가액 = 주당 공정가치 P*, ② 전환비율 = P* ÷ 전환가액으로 구조를 바꿈. 정합을 위해 '상환가액(감자대가)'을 발행가액과 분리해 주당 25,000원 고정 청구액으로 둠 — 감자대가까지 발행가액과 같게 두면 2년 무이표 채권을 액면에 사는 순환 구조가 되어 공정가치가 정의되지 않음.
B5: 2. LF 납입액은 100억으로 고정(리츠 소요액). 따라서 P*가 낮을수록 발행주식수 N이 늘고, 감자대가(N × 25,000)가 커짐. 감자 프리미엄(상환가액 ÷ P* − 1)이 곧 LF의 2년 무배당에 대한 시장 대가이며, v01 Summary C표의 '정상가격 정합 조건'과 같은 개념.
B6: 3. 전환주식수 = 납입액 ÷ 전환가액 이므로 P*와 무관. 전환가액을 보통주 발행가(5,000원)로 두면 FY8 보통주 공정가치(약 8,575원)보다 낮아 LF에 유리·KLI(공모리츠) 희석 → 법률의견 p.12가 언급한 '리츠→LF 방향' 지원 이슈 가능. FY8 공정가치 기준이 양방향 중립.
B7: 4. 배당 기준: 통상 '발행가액 기준 연 8%'(Inputs!B16=1). 상환가액 기준(=2)이면 배당 총액이 커지고 P*가 소폭 상승.
B9: ■ 계산
B10: 5. P*는 '주당 확률가중 PV = P*'를 만족하는 값. 배당(발행가액 기준)과 전환가치가 P*에 비례하므로 선형 폐쇄해로 풀림(Solve 시트, 순환참조 없음). 검증행(Solve 24행)은 정의상 100%.
B11: 6. 시나리오·확률·할인율·FY20 회수액 가정은 v01과 동일(A 70/B 20/C 10%, r 8%, 보통주 풀 = C.G 48,460 + 보통주 원금 14,800 + 미감자 3종 납입액 10,000). 시나리오 B 감자 시점 48개월 말 단순화, 배당 4회.
B13: ■ 시사점
B14: 7. 이 구조에서는 LF가 정의상 공정가치로 인수하므로 공정거래법 '지원행위'(고가 인수) 요건은 구조적으로 해소되고, 외부 회계법인 평가보고서는 P*를 확정하는 근거 문서가 됨. 다만 '부당성'(LF의 사업상 합리성)은 별도 타당성 검토가 여전히 필요(법률의견 p.11~12).
B15: 8. 리츠 측 비용은 감자 프리미엄(약 12~18%, 1,200~1,800백만원)으로 이전됨. 이는 리파이 여유(15,000) 내에서 조달 가능하나 LTV·DSCR 재검토 필요. 프리미엄이 세법상 시가(감자 시점)와 다르면 부당행위계산부인 검토(법률의견 p.13) → 감자 시점 평가 필요.
B17: ■ 의뢰 스코프 · 출처
... B19: 10. 출처: 04_Equity투자자/models/20260915_재무모델_Financial_Modeling_인가ver_v02.xlsm (Model_Ref) / 02_실사보고서/법률/20260914_법률의견_신설리츠투자구조검토_BKL_markup_v01.pdf p.10~13 / 조건변경안·발행가액 원칙: 사용자 제시(2026-09-18). 내부 개략 산정이며 외부 평가·법무법인 확인을 대체하지 않음.
