Workbook

Sheet Inputs
A1: 3종 종류주식 발행가액 산정 — 상증세법 순자산가치 기준 (입력값)
A2: 노란색 셀만 입력. 금액 단위: 원. 출처: 기준 재무모델 v02 A&R(주식발행계획 P93:R95, S&U), 미래새한 감정평가서, 매도인 보증금 내역(2026-07-31)
A4: 구분 | B4: 항목 | C4: 값 | D4: 단위 | E4: 출처·비고
A5: 자산 | B5: 부동산 매매가액 (SPA) | C5: 270000000000 | D5: 원 | E5: SPA v04 제1.3조, 기준 모델 A&R T6
A6: 자산 | B6: 부동산 감정가액 ① 미래새한 | C6: 334500000000 | D6: 원 | E6: 감정평가서 2026.09 (담보목적)
A7: 자산 | B7: 부동산 감정가액 ② 추가 감정 [미접수] | C7: 334500000000 | D7: 원 | E7: 미접수 시 ①과 동일 가정 → 2개 기관 평균 요건 충족 전제
A8: 자산 | B8: 임대보증금 예치금 | C8: 7166267197 | D8: 원 | E8: 임차인 보증금 정기예금 예치 총액 (매도인 내역 2026-07-31)
A9: 자산 | B9: 취득부대비용 (취득세·수수료·금융비용 등) | C9: 18900000000 | D9: 원 | E9: 기준 모델 S&U: 총투자비 2,989 − 매입 2,700 − 여유현금 100
A10: 부채 | B10: 담보대출 (Tranche A) | C10: 160000000000 | D10: 원 | E10: 확정 T/S
A11: 부채 | B11: 중순위대출 (Tranche B) | C11: 38000000000 | D11: 원 | E11: 확정 T/S
A12: 부채 | B12: 임대보증금 반환채무 | C12: 7166267197 | D12: 원 | E12: 예치금과 동일
A13: 자본 | B13: 보통주 납입액 (KLI) | C13: 14800000000 | D13: 원 | E13: A&R P94: 5,000원 × 2,960,000주
A14: 자본 | B14: 보통주 발행가액 | C14: 5000 | D14: 원/주
A15: 자본 | B15: 1·2종 종류주식 납입액 | C15: 74000000000 | D15: 원 | E15: 1종 240 + 2-1종 250 + 2-2종 250 (억)
A16: 자본 | B16: 1·2종 발행가액 | C16: 25000 | D16: 원/주
A17: 자본 | B17: 2-2종(무의결권) 주식수 | C17: 880000 | D17: 주 | E17: 3종 평가서(9/29) 지분표: 기계설비조합 480,000 + 이지스K리츠펀드 400,000. 기준 모델 A&R R92는 1,000,000주(2-1/2-2 각 250억) → 확정 배정에 따라 수정
A18: 자본 | B18: 3종 출자금액 | C18: 10000000000 | D18: 원 | E18: A&R P93
A19: 자본 | B19: 3종 현행 발행가액 | C19: 25000 | D19: 원/주 | E19: 현행 조건 (400,000주)
A20: 기준 | B20: 상법 무의결권 주식 한도 | C20: 0.25 | D20: 비율 | E20: 상법 §344조의3 ② (발행주식총수의 1/4)
A21: 기준 | B21: 부투법 주요주주 기준 | C21: 0.1 | D21: 비율 | E21: 부투법 §30 (10% 이상 소유)
A22: 기준 | B22: 상증세법 증여의제 비율 기준 | C22: 0.3 | D22: 비율 | E22: 상증세법 §35·§39, 시행령 §26·§29 (30%)
A23: 기준 | B23: 상증세법 증여의제 금액 기준 | C23: 300000000 | D23: 원 | E23: 동상 (3억 원)
A24: 기준 | B24: 공정거래법 안전지대 비율 | C24: 0.07 | D24: 비율 | E24: 부당지원행위 심사지침 (정상가격 차이 7% 미만)
A25: 기준 | B25: 공정거래법 안전지대 거래총액 | C25: 3000000000 | D25: 원 | E25: 동상 (거래총액 30억 원 미만, 두 요건 모두 충족 시)

Sheet Calc
A1: 순자산가액 및 1주당 순자산가치 산정 (3종 납입 직전 기준)
A2: 상증세법 §63①1나, 시행령 §54④ (부동산 80% 이상·사업개시 3년 미만 → 순자산가치 100%), §55 (자산은 시가 평가, 선급·이연자산 제외), §53⑦ (할증 배제)
A4: 항목 | B4: A. 취득원가 기준 (엄격) | C4: B. 감정가 기준 (엄격) | D4: C. 평가서 방식 (납입액 그대로) | E4: 비고
A5: 부동산 평가액 | B5: =Inputs!$C$5 | C5: =AVERAGE(Inputs!$C$6,Inputs!$C$7) | D5: =Inputs!$C$5+Inputs!$C$9+(Inputs!$C$13+Inputs!$C$15+Inputs!$C$10+Inputs!$C$11-Inputs!$C$5-Inputs!$C$9) | E5: A·B: 시행령 §49 시가(매매가액 / 2개 감정 평균). C: 장부가(취득원가+부대비용 자산화+잔여현금) → 순자산 = 납입자본 888억, 평가서(9/29)와 동일
A6: 임대보증금 예치금 | B6: =Inputs!$C$8 | C6: =Inputs!$C$8 | D6: =Inputs!$C$8
A7: 취득부대비용 (자산 인정분) | B7: 0 | C7: 0 | D7: 0 | E7: A·B: 상증세법상 자산 제외(선급비용·이연자산 성격). C: D5에 이미 포함
A8: 자산 합계 | B8: =SUM(B5:B7) | C8: =SUM(C5:C7) | D8: =SUM(D5:D7)
A9: 담보·중순위 대출 | B9: =Inputs!$C$10+Inputs!$C$11 | C9: =Inputs!$C$10+Inputs!$C$11 | D9: =Inputs!$C$10+Inputs!$C$11
A10: 임대보증금 반환채무 | B10: =Inputs!$C$12 | C10: =Inputs!$C$12 | D10: =Inputs!$C$12
A11: 부채 합계 | B11: =B9+B10 | C11: =C9+C10 | D11: =D9+D10
A12: 순자산가액 (3종 납입 전) | B12: =B8-B11 | C12: =C8-C11 | D12: =D8-D11 | E12: C안 검산: 보통주+1·2종 납입액 = 888억
A13: 3종 납입 직전 발행주식총수 (주) | B13: =Inputs!$C$13/Inputs!$C$14+Inputs!$C$15/Inputs!$C$16 | C13: =Inputs!$C$13/Inputs!$C$14+Inputs!$C$15/Inputs!$C$16 | D13: =Inputs!$C$13/Inputs!$C$14+Inputs!$C$15/Inputs!$C$16 | E13: 보통주 2,960,000 + 1·2종 2,960,000
A14: 1주당 순자산가치 (원) | B14: =B12/B13 | C14: =C12/C13 | D14: =D12/D13
A15: 3종 100억 납입 후 1주당 (현행 25,000원 발행 시) | B15: =(B12+Inputs!$C$18)/(B13+Inputs!$C$18/Inputs!$C$19) | C15: =(C12+Inputs!$C$18)/(C13+Inputs!$C$18/Inputs!$C$19) | D15: =(D12+Inputs!$C$18)/(D13+Inputs!$C$18/Inputs!$C$19) | E15: 25,000원 × 400,000주 납입 후 재계산 (사후 평가액)

Sheet Alternatives
A1: 발행가액 대안 비교 (3종 출자 100억 기준)
A2: 기준 시가 선택: Calc 시트 B/C/D안 중 하나를 C4 셀에서 선택 (기본 B안 = 감정가 기준)
B4: 기준 시가 (원/주) | C4: =Calc!C14 | D4: ← Calc!B14(취득원가) / C14(감정가) / D14(평가서) 로 변경 가능
A6: 안 | B6: 발행가액 (원/주) | C6: 3종 주식수 (주) | D6: 발행 후 총주식수 | E6: 3종 지분율 | F6: 무의결권 주식수 | G6: 무의결권 비율 | H6: 한도(25%) 충족 | I6: 시가 대비 차이율 | J6: 주요주주(10%) 해당 | K6: 상증세법 이익 (원) | L6: §39 30%·3억 요건 해당 | M6: 공정거래법 7% 초과 | N6: 공정거래법 안전지대
A7: A. 25,000원 유지 (현행) | B7: =Inputs!$C$19 | C7: =ROUND(Inputs!$C$18/B7,0) | D7: =Calc!$C$13+C7 | E7: =C7/D7 | F7: =Inputs!$C$17+C7 | G7: =F7/D7 | H7: =IF(G7<=Inputs!$C$20,"충족","초과") | I7: =B7/$C$4-1 | J7: =IF(E7>=Inputs!$C$21,"해당","미해당") | K7: =MAX(B7-$C$4,0)*C7 | L7: =IF(OR(I7>=Inputs!$C$22,K7>=Inputs!$C$23),"해당(정당한 사유 필요)","미해당") | M7: =IF(ABS(I7)>=Inputs!$C$24,"초과","미만") | N7: =IF(AND(ABS(I7)<Inputs!$C$24,Inputs!$C$18<Inputs!$C$25),"해당","미해당(거래총액 30억 초과)")
A8: B. 시가 일치 | B8: =$C$4 | C8: =ROUND(Inputs!$C$18/B8,0) | D8: =Calc!$C$13+C8 | E8: =C8/D8 | F8: =Inputs!$C$17+C8 | G8: =F8/D8 | H8: =IF(G8<=Inputs!$C$20,"충족","초과") | I8: =B8/$C$4-1 | J8: =IF(E8>=Inputs!$C$21,"해당","미해당") | K8: =MAX(B8-$C$4,0)*C8 | L8: =IF(OR(I8>=Inputs!$C$22,K8>=Inputs!$C$23),"해당(정당한 사유 필요)","미해당") | M8: =IF(ABS(I8)>=Inputs!$C$24,"초과","미만") | N8: =IF(AND(ABS(I8)<Inputs!$C$24,Inputs!$C$18<Inputs!$C$25),"해당","미해당(거래총액 30억 초과)")
A9: C. 시가 반올림(천원) | B9: =ROUND($C$4,-3) | C9: =ROUND(Inputs!$C$18/B9,0) | D9: =Calc!$C$13+C9 | E9: =C9/D9 | F9: =Inputs!$C$17+C9 | G9: =F9/D9 | H9: =IF(G9<=Inputs!$C$20,"충족","초과") | I9: =B9/$C$4-1 | J9: =IF(E9>=Inputs!$C$21,"해당","미해당") | K9: =MAX(B9-$C$4,0)*C9 | L9: =IF(OR(I9>=Inputs!$C$22,K9>=Inputs!$C$23),"해당(정당한 사유 필요)","미해당") | M9: =IF(ABS(I9)>=Inputs!$C$24,"초과","미만") | N9: =IF(AND(ABS(I9)<Inputs!$C$24,Inputs!$C$18<Inputs!$C$25),"해당","미해당(거래총액 30억 초과)")
A10: D. 취득원가 기준 (참고) | B10: =Calc!B14 | C10: =ROUND(Inputs!$C$18/B10,0) | D10: =Calc!$C$13+C10 | E10: =C10/D10 | F10: =Inputs!$C$17+C10 | G10: =F10/D10 | H10: =IF(G10<=Inputs!$C$20,"충족","초과") | I10: =B10/$C$4-1 | J10: =IF(E10>=Inputs!$C$21,"해당","미해당") | K10: =MAX(B10-$C$4,0)*C10 | L10: =IF(OR(I10>=Inputs!$C$22,K10>=Inputs!$C$23),"해당(정당한 사유 필요)","미해당") | M10: =IF(ABS(I10)>=Inputs!$C$24,"초과","미만") | N10: =IF(AND(ABS(I10)<Inputs!$C$24,Inputs!$C$18<Inputs!$C$25),"해당","미해당(거래총액 30억 초과)")
A11: E. 무의결권 한도 하한 | B11: =ROUNDUP(Inputs!$C$18/((Inputs!$C$20*Calc!$C$13-Inputs!$C$17)/(1-Inputs!$C$20)),0) | C11: =ROUND(Inputs!$C$18/B11,0) | D11: =Calc!$C$13+C11 | E11: =C11/D11 | F11: =Inputs!$C$17+C11 | G11: =F11/D11 | H11: =IF(G11<=Inputs!$C$20,"충족","초과") | I11: =B11/$C$4-1 | J11: =IF(E11>=Inputs!$C$21,"해당","미해당") | K11: =MAX(B11-$C$4,0)*C11 | L11: =IF(OR(I11>=Inputs!$C$22,K11>=Inputs!$C$23),"해당(정당한 사유 필요)","미해당") | M11: =IF(ABS(I11)>=Inputs!$C$24,"초과","미만") | N11: =IF(AND(ABS(I11)<Inputs!$C$24,Inputs!$C$18<Inputs!$C$25),"해당","미해당(거래총액 30억 초과)")
A13: ※ E안: 무의결권 비율이 정확히 25%가 되는 최소 발행가액 (2-2종 + 3종 ≤ 총주식의 1/4). 상증세법 이익은 기존 주주(KLI, 법인) 귀속이므로 증여세가 아닌 법인세 영역이며 비특수관계라 부당행위계산 미적용.

Sheet Sensitivity
A1: 민감도: 감정가액 평균 × 취득부대비용 인정 여부 → 1주당 순자산가치 / 25,000원 대비 차이율
A3: 감정가 평균 (억원) | B3: 순자산 (억원) | C3: 1주당 순자산가치 (원) | D3: 25,000원 대비 | E3: 3종 주식수 (시가 일치 시) | F3: 무의결권 비율 (시가 일치 시)
A4: 300000 | B4: =(A4*1000000+Inputs!$C$8-Calc!$C$11)/100000000 | C4: =B4*100000000/Calc!$C$13 | D4: =Inputs!$C$19/C4-1 | E4: =ROUND(Inputs!$C$18/C4,0) | F4: =(Inputs!$C$17+E4)/(Calc!$C$13+E4)
A5: 310000 | B5: =(A5*1000000+Inputs!$C$8-Calc!$C$11)/100000000 | C5: =B5*100000000/Calc!$C$13 | D5: =Inputs!$C$19/C5-1 | E5: =ROUND(Inputs!$C$18/C5,0) | F5: =(Inputs!$C$17+E5)/(Calc!$C$13+E5)
A6: 320000 | B6: =(A6*1000000+Inputs!$C$8-Calc!$C$11)/100000000 | C6: =B6*100000000/Calc!$C$13 | D6: =Inputs!$C$19/C6-1 | E6: =ROUND(Inputs!$C$18/C6,0) | F6: =(Inputs!$C$17+E6)/(Calc!$C$13+E6)
A7: 330000 | B7: =(A7*1000000+Inputs!$C$8-Calc!$C$11)/100000000 | C7: =B7*100000000/Calc!$C$13 | D7: =Inputs!$C$19/C7-1 | E7: =ROUND(Inputs!$C$18/C7,0) | F7: =(Inputs!$C$17+E7)/(Calc!$C$13+E7)
A8: 334500 | B8: =(A8*1000000+Inputs!$C$8-Calc!$C$11)/100000000 | C8: =B8*100000000/Calc!$C$13 | D8: =Inputs!$C$19/C8-1 | E8: =ROUND(Inputs!$C$18/C8,0) | F8: =(Inputs!$C$17+E8)/(Calc!$C$13+E8)
A9: 340000 | B9: =(A9*1000000+Inputs!$C$8-Calc!$C$11)/100000000 | C9: =B9*100000000/Calc!$C$13 | D9: =Inputs!$C$19/C9-1 | E9: =ROUND(Inputs!$C$18/C9,0) | F9: =(Inputs!$C$17+E9)/(Calc!$C$13+E9)
A10: 350000 | B10: =(A10*1000000+Inputs!$C$8-Calc!$C$11)/100000000 | C10: =B10*100000000/Calc!$C$13 | D10: =Inputs!$C$19/C10-1 | E10: =ROUND(Inputs!$C$18/C10,0) | F10: =(Inputs!$C$17+E10)/(Calc!$C$13+E10)
A11: 360000 | B11: =(A11*1000000+Inputs!$C$8-Calc!$C$11)/100000000 | C11: =B11*100000000/Calc!$C$13 | D11: =Inputs!$C$19/C11-1 | E11: =ROUND(Inputs!$C$18/C11,0) | F11: =(Inputs!$C$17+E11)/(Calc!$C$13+E11)
A13: ※ 감정가 평균이 낮아질수록 25,000원과의 괴리가 커지고, 시가 일치 발행 시 3종 주식수 증가로 무의결권 25% 한도에 접근함.

Sheet Notes
A1: # 산정 논리 및 근거
A2: 1. 평가방법: 상증세법 §63①1나 비상장주식 보충적 평가. 부동산 등 비율 80% 이상이고 사업개시 3년 미만이면 시행령 §54④에 따라 순손익가치 없이 1주당 순자산가치 100%. 최대주주 할증은 시행령 §53⑦에 따라 배제.
A3: 2. 순자산가액(시행령 §55): 자산은 §60~§66 시가 평가, 선급비용·이연자산 등은 자산에서 제외 → 취득세·수수료·금융비용(약 189억)은 순자산에 반영되지 않음.
A4: 3. 부동산 시가(시행령 §49): 평가기준일(3종 납입일) 전후 6개월 내 매매가액·감정가액. 기준시가 10억 초과 부동산은 2개 이상 감정기관 평균이어야 감정가액 인정. 둘 이상의 시가가 있으면 평가기준일에 가장 가까운 날의 가액 적용 → 감정 가격시점·작성일이 매매계약일(2026-10-02)보다 납입일(2026-10-31)에 가까워야 감정가가 우선.
A5: 4. 종류주식 구분 없음: 보충적 평가는 배당·의결권 차이를 반영하지 않고 전 주식에 단일 1주당 가치를 적용. 따라서 이 값은 3종 권리(무배당·2년 후 발행가액 감자)의 경제적 가치가 아니라 세법상 참고치임.
A6: 5. 상증세법 §39(증자 이익): 제3자 배정 고가 인수 시 기존 주주 이익. 비특수관계인 간에는 거래관행상 정당한 사유가 없는 경우에 한하고, 30%·3억 기준은 시행령 §29. 이익 귀속자 KLI는 법인이므로 증여세 아닌 법인세 영역, 비특수관계라 법인세법 §52 부당행위계산 미적용.
A7: 6. 공정거래법 부당지원(§45①9): 심사지침 안전지대는 정상가격 차이 7% 미만 및 거래총액 30억 미만을 모두 충족할 때. 3종 100억은 거래총액 요건 미충족 → 정상가격 산정 근거(감정가 기반 순자산가치, 독립 투자자 25,000원 거래사례)와 지원 의도 부재 자료로 대응.
A8: 7. 상법 §344조의3②: 무의결권·의결권제한 주식은 발행주식총수의 1/4 이내(비상장). 부투법 §30: 10% 이상 소유 주주는 주요주주.
A9: 8. 본 파일은 내부 검토용이며 세무법인·법무법인(BKL) 확인이 필요함. 수치는 협의 과정에서 변동될 수 있음. 감정가액 ②는 미접수 상태로 ①과 동일 가정.
