Workbook

Sheet Summary
A1: 3종 종류주식 조건변경안 — 개략 주식가치평가 (Summary)
A2: 프로젝트 ANYANG-LOGIS · 작성 2026-09-18 · finance-ir 내부 검토용 개략 산정 (외부 회계법인 평가 대체 불가). 단위: 백만원 / 주당 원
A4: A. 평가 결과 | B4: 가치 (백만원) | C4: 주당 (원) | D4: 발행가 대비 | E4: IRR (연) | F4: 비고
A5: 기존 조건: 무배당·무의결권, 24개월 후 원금 감자 | B5: =Inputs!B4/(1+Inputs!B21)^(Inputs!B11/12) | C5: =B5*1000000/Inputs!$B$7 | D5: =C5/Inputs!$B$5 | E5: =(Inputs!B4/Inputs!B4)^(1/(Inputs!B11/12))-1 | F5: 기준 재무모델 A&R L43 조건. 2년 무이표 할인 = 정상가격 < 발행가
A6: 변경안 시나리오 A: 24개월 내 감자 (기존과 동일) | B6: =CF!I28 | C6: =B6*1000000/Inputs!$B$7 | D6: =C6/Inputs!$B$5 | E6: =CF!E30 | F6: 확률 Inputs!B17
A7: 변경안 시나리오 B: 25~48개월 8% 배당 → 감자 | B7: =CF!J28 | C7: =B7*1000000/Inputs!$B$7 | D7: =C7/Inputs!$B$5 | E7: =CF!F30 | F7: 확률 Inputs!B18. 배당률 = 할인율이면 FY4 시점 가치 ≒ 원금 → A와 유사
A8: 변경안 시나리오 C: 48개월 후 보통주 전환 (선택 기준) | B8: =CF!K28 | C8: =B8*1000000/Inputs!$B$7 | D8: =C8/Inputs!$B$5 | E8: =CF!G30 | F8: 확률 Inputs!B19. 전환비율 기준(Inputs!B33)에 따라 가치가 크게 달라짐 — 아래 B표
A9: 변경안 확률가중 기대가치 | B9: =CF!L28 | C9: =B9*1000000/Inputs!$B$7 | D9: =C9/Inputs!$B$5 | E9: =CF!H30 | F9: = A·B·C 확률가중
A10: 발행가 대비 기대가치 차이 (LF 고가 인수분) | B10: =B9-Inputs!B4 | C10: =C9-Inputs!B5 | D10: =D9-1 | F10: 음수 = 발행가가 정상가격(기대가치)보다 높음 → 공정거래법상 '지원행위' 요건(고가 인수) 방향
A12: B. 시나리오 C 전환비율 기준별 비교 | B12: ① 발행가액 기준 | C12: ② 1:1 | D12: ③ FY8 공정가치 기준 | F12: 비고
A13: 전환주식수 (주) | B13: =Inputs!B40 | C13: =Inputs!B41 | D13: =Inputs!B43 | F13: ③은 FY8 시점 보통주 공정가치(Inputs!B42)로 3종 원금을 전환
A14: 전환 후 LF 보통주 지분율 | B14: =Inputs!$B$40/(Inputs!$B$25+Inputs!$B$40) | C14: =Inputs!$B$41/(Inputs!$B$25+Inputs!$B$41) | D14: =Inputs!$B$43/(Inputs!$B$25+Inputs!$B$43)
A15: 시나리오 C 가치 (백만원) | B15: =(Inputs!$B$40/(Inputs!$B$25+Inputs!$B$40))*Inputs!$B$47/(1+Inputs!$B$21)^10 | C15: =(Inputs!$B$41/(Inputs!$B$25+Inputs!$B$41))*Inputs!$B$47/(1+Inputs!$B$21)^10 | D15: =(Inputs!$B$43/(Inputs!$B$25+Inputs!$B$43))*Inputs!$B$47/(1+Inputs!$B$21)^10
A16: 시나리오 C 발행가 대비 | B16: =B15/Inputs!$B$4 | C16: =C15/Inputs!$B$4 | D16: =D15/Inputs!$B$4
A17: 확률가중 기대가치 (백만원) | B17: =Inputs!$B$17*CF!$I$28+Inputs!$B$18*CF!$J$28+Inputs!$B$19*B15 | C17: =Inputs!$B$17*CF!$I$28+Inputs!$B$18*CF!$J$28+Inputs!$B$19*C15 | D17: =Inputs!$B$17*CF!$I$28+Inputs!$B$18*CF!$J$28+Inputs!$B$19*D15
A18: 확률가중 기대가치 발행가 대비 | B18: =B17/Inputs!$B$4 | C18: =C17/Inputs!$B$4 | D18: =D17/Inputs!$B$4
A19: KLI 보통주 IRR (시나리오 C 발생 시) | B19: =CF!O30 | C19: =CF!P30 | D19: =CF!Q30 | E19: =CF!N30 | F19: E열 = 기준(감자 정상 시) KLI IRR 16.44%. ①은 KLI 희석 최대, ②는 LF 손실 최대, ③이 중립
A20: KLI 보통주 E.Multiple (시나리오 C 발생 시) | B20: =CF!O31 | C20: =CF!P31 | D20: =CF!Q31 | E20: =CF!N31
A22: C. 정상가격(=발행가) 정합을 위한 조건 (참고) | B22: 값 | F22: 비고
A23: 시나리오 A에서 기대가치 = 발행가가 되는 감자 프리미엄 (24개월) | B23: =(1+Inputs!B21)^(Inputs!B11/12)-1 | F23: = (1+할인율)^2 − 1. 감자대가를 원금×(1+프리미엄)으로 하면 2년 무배당이어도 정상가격 정합 (세법상 시가와 별도 검토 필요)
A24: 동일 효과의 초기부터 누적확정배당률 (연, 감자 시 일괄 지급) | B24: =B23/(Inputs!B11/12) | F24: = 프리미엄 ÷ 2년 (단리 환산). 3순위 누적배당으로 설계 시 1·2종 배당 순위와 충돌 없음
A25: 변경안 기대가치의 발행가 미달분을 메우는 데 필요한 FY4 일시금 | B25: =-B10*(1+Inputs!B21)^(Inputs!B11/12) | F25: = 미달분 × (1+r)^2. 감자 시 일괄 지급 시 필요 프리미엄 금액(백만원)
A27: D. 리츠·KLI 측 영향 | B27: 값 | C27: 단위 | F27: 비고
A28: 시나리오 B 추가 배당 부담 (3순위, 총액) | B28: =Inputs!B4*Inputs!B12*Inputs!B13/12 | C28: 백만원 | F28: = 10,000 × 8% × 2년. 1종(7.0%)·2종(7.5%) 배당 후 3순위. 기준 모델상 보통주 운영배당이 FY3부터 0이므로 실질 재원은 여유현금·감가상각 초과배당
A29: 시나리오 B 반기 배당액 | B29: =Inputs!B4*Inputs!B12/Inputs!B15 | C29: 백만원
A30: 시나리오 C KLI 보통주 지분율 (선택 기준) | B30: =Inputs!B46 | F30: 의결권 비율에도 영향 (보통주 의결권 60.2% → 희석). 정관·주주간계약 반영 필요
A31: 시나리오 C KLI FY20 회수액 감소 (기준 대비) | B31: =(Inputs!B30+Inputs!B26)-Inputs!B46*Inputs!B47 | C31: 백만원 | F31: = 기준 63,260 − KLI 지분율 × 73,260
A33: E. 상증세법 참고치 | B33: 값 | C33: 단위 | F33: 비고
A34: 혼합 순자산가치 (주당, 3년 미만 법인 → 순자산가치만) | B34: =Inputs!B37 | C34: 원 | F34: 상증세법 시행령 §54④ (사업개시 3년 미만 → 순자산가치). 보통주 5천원·우선주 25천원 혼합이라 종류주식 평가에 그대로 쓰면 왜곡. 회계법인은 종류주식별(청산우선순위 반영) 평가 필요
A35: 3종 청산우선 기준 주당 청구액 | B35: =Inputs!B4*1000000/Inputs!B7 | C35: 원 | F35: = 원금 ÷ 주식수 = 발행가. 시간가치 미반영 명목 청구액

Sheet Inputs
A1: 3종 종류주식 조건변경안 — 평가 입력값
A2: 파란 글자 = 입력값(수정 가능) · 검정 = 수식 · 노란 바탕 = 핵심 가정. 금액 단위 백만원, 주당 단위 원. 출처 셀 주소는 기준 재무모델 v02(인가ver) 기준
A3: 항목 | B3: 값 | C3: 단위 | D3: 출처 / 비고
A4: 3종 종류주식 발행금액 | B4: 10000 | C4: 백만원 | D4: 04_Equity투자자/models/20260915_재무모델_Financial_Modeling_인가ver_v02.xlsm A&R Q43 / IM Q61
A5: 발행가액 (주당) | B5: 25000 | C5: 원 | D5: A&R P93 (25천원)
A6: 액면가 (주당) | B6: 1000 | C6: 원 | D6: A&R Q93 (1천원)
A7: 발행주식수 | B7: =B4*1000000/B5 | C7: 주 | D7: = 발행금액 ÷ 발행가액 (A&R R93 = 400,000주)
A8: 주금납입일 (FY0) | B8: 46326 | D8: A&R M43 (리츠 운용 개시일)
A9: 기존 조건 감자 예정일 | B9: 47057 | D9: A&R N43 (조달기간 24개월, 확정배당 0%, C.G 0%)
A11: [변경안] ① 무배당·무의결권 기간 | B11: 24 | C11: 개월 | D11: 사용자 제시 조건
A12: [변경안] ② 감자 미완료 시 3순위 확정배당률 (연) | B12: 0.08 | D12: 사용자 제시 조건 (25~48개월)
A13: [변경안] ② 확정배당 지급 기간 | B13: 24 | C13: 개월 | D13: 사용자 제시 조건
A14: [변경안] ③ 보통주 전환 시점 | B14: 48 | C14: 개월 | D14: 사용자 제시 조건 (48개월까지 감자 미완료 시)
A15: 배당 지급 횟수 (연) | B15: 2 | C15: 회 | D15: 리츠 반기 배당 (IM Q8 '매 6개월 단위'), FY = 반기
A17: 시나리오 A 확률 — 24개월 내 감자 완료 (기존 계획) | B17: 0.7 | D17: [가정] 24개월 리파이(선순위 2,130억, A&R P33) 정상 실행 전제. 민감도 시트 참조
A18: 시나리오 B 확률 — 25~48개월 내 감자 (8% 배당 후 감자) | B18: 0.2 | D18: [가정] 감자 시점은 보수적으로 48개월(FY8) 말 가정
A19: 시나리오 C 확률 — 48개월 후 보통주 전환 | B19: =1-B17-B18 | D19: = 1 − A − B
A21: 할인율 — 3종 요구수익률 (연) | B21: 0.08 | D21: [가정] 변경안 확정배당률과 동일. 참고: 1종 CoC 7.0%(IM T59)·2종 CoC 7.5%/IRR 9.24%(IM J50). 민감도 시트 참조
A22: 보통주 요구수익률 (전환 시 공정가치 산정용) | B22: 0.16438586 | D22: IM J102 보통주 IRR (기준 재무모델)
A24: 보통주 발행가액 (주당) | B24: 5000 | C24: 원 | D24: A&R P94 (5천원)
A25: 보통주 발행주식수 (KLI) | B25: 2960000 | C25: 주 | D25: A&R R94
A26: 보통주 출자금 (KLI) | B26: 14800 | C26: 백만원 | D26: IM Q62
A27: 보통주 운영배당 FY1 | B27: 555 | C27: 백만원 | D27: IM K79 (초기 1년 연 7.5% 확정)
A28: 보통주 운영배당 FY2 | B28: 555 | C28: 백만원 | D28: IM K80
A29: 보통주 운영배당 FY3~FY20 (반기당) | B29: 0 | C29: 백만원 | D29: IM K81:K98 = 0 (잔여배당 없음, 기준 모델)
A30: 보통주 매각차익 배분 C.G (FY20) | B30: 48460.428 | C30: 백만원 | D30: IM L98 (= 매각차익 60,575 × 80%, IM U62)
A31: 매각차익 보통주 배분율 | B31: 0.8 | D31: IM U62
A33: 보통주 전환비율 기준 선택 | B33: 1 | D33: 1 = 발행가액 기준(3종 1주→보통주 5주) / 2 = 1:1 / 3 = 전환시점 보통주 공정가치 기준. Summary에 3안 병렬 비교
A35: [상증세법 참고] 총 납입자본 | B35: 98800 | C35: 백만원 | D35: IM W51 (1종 24,000+2종 50,000+3종 10,000+보통주 14,800)
A36: [상증세법 참고] 총 발행주식수 | B36: 6320000 | C36: 주 | D36: A&R R95
A37: [상증세법 참고] 혼합 순자산가치 (주당) | B37: =B35*1000000/B36 | C37: 원 | D37: = 납입자본 ÷ 총주식수. 보통주 5천원·우선주 25천원 혼합 발행이라 종류주식 평가에는 부적합 (Notes 참조)
A39: 전환 시 3종 → 보통주 전환주식수 (기준별) | B39: 주
A40: ① 발행가액 기준 (3종 발행금액 ÷ 보통주 발행가) | B40: =B4*1000000/B24 | C40: 주 | D40: = 10,000백만 ÷ 5,000원 → 2,000,000주 (3종 1주당 보통주 5주)
A41: ② 1:1 기준 (3종 주식수 그대로) | B41: =B7 | C41: 주 | D41: = 400,000주. 발행가 5:1 차이로 LF 원금 대비 가치 급감
A42: ③ 전환시점(FY8) 보통주 공정가치 (주당) | B42: =(B30+B26)*1000000/(1+B22)^((20-B14/12*B15)/B15)/B25 | C42: 원 | D42: = PV_FY8[(C.G+보통주 원금) at FY20, 보통주 요구수익률] ÷ 보통주 주식수. FY9~19 운영배당 0 가정
A43: ③ 공정가치 기준 전환주식수 | B43: =B4*1000000/B42 | C43: 주 | D43: = 3종 발행금액 ÷ FY8 보통주 공정가치
A44: 선택 기준 전환주식수 | B44: =CHOOSE(B33,B40,B41,B43) | C44: 주 | D44: Inputs!B33 선택값 반영
A45: 전환 후 LF(3종) 보통주 지분율 | B45: =B44/(B25+B44) | D45: = 전환주식수 ÷ (KLI 보통주 + 전환주식수)
A46: 전환 후 KLI 보통주 지분율 | B46: =1-B45
A47: FY20 보통주 풀 총 회수액 (시나리오 C) | B47: =B30+B26+B4 | C47: 백만원 | D47: = 보통주 C.G + 보통주 원금 + 감자되지 않은 3종 원금(리츠 내 잔존 자본). 미감자에 따른 이자비용 절감 효과는 무시(보수적)

Sheet CF
A1: 3종 종류주식 보유자(LF) 현금흐름 — 시나리오별 (단위: 백만원, FY = 반기)
A2: FY0 = 주금납입(2026-10-31). A: FY4 말 원금 감자 / B: FY5~8 연 8% 3순위 확정배당 후 FY8 말 감자 / C: FY8 말 보통주 전환 → FY20 매각 시 지분율만큼 회수
A4: FY | B4: 경과월 | C4: t(년) | D4: 할인계수 | E4: A: 24개월 감자 | F4: B: 8% 배당→48개월 감자 | G4: C: 보통주 전환(선택기준) | H4: 기대 CF (확률가중) | I4: PV A | J4: PV B | K4: PV C | L4: PV 기대 | N4: KLI 보통주 CF: 기준(감자 정상) | O4: KLI CF: C-①발행가액 | P4: KLI CF: C-②1:1 | Q4: KLI CF: C-③공정가치
A5: 0 | B5: =A5*12/Inputs!$B$15 | C5: =A5/Inputs!$B$15 | D5: =1/(1+Inputs!$B$21)^C5 | E5: =IF(A5=0,-Inputs!$B$4,IF(B5=Inputs!$B$11,Inputs!$B$4,0)) | F5: =IF(A5=0,-Inputs!$B$4,IF(AND(B5>Inputs!$B$11,B5<=Inputs!$B$11+Inputs!$B$13),Inputs!$B$4*Inputs!$B$12/Inputs!$B$15,0)+IF(B5=Inputs!$B$11+Inputs!$B$13,Inputs!$B$4,0)) | G5: =IF(A5=0,-Inputs!$B$4,IF(A5=20,Inputs!$B$45*Inputs!$B$47,IF(B5>Inputs!$B$14,Inputs!$B$45*Inputs!$B$29,0))) | H5: =Inputs!$B$17*E5+Inputs!$B$18*F5+Inputs!$B$19*G5 | I5: =E5*$D5 | J5: =F5*$D5 | K5: =G5*$D5 | L5: =H5*$D5 | N5: =IF(A5=0,-Inputs!$B$26,IF(A5=1,Inputs!$B$27,IF(A5=2,Inputs!$B$28,IF(A5>=3,Inputs!$B$29,0)))+IF(A5=20,Inputs!$B$30+Inputs!$B$26,0)) | O5: =IF(A5=0,-Inputs!$B$26,IF(A5<=8,IF(A5=1,Inputs!$B$27,IF(A5=2,Inputs!$B$28,IF(A5>=3,Inputs!$B$29,0))),(Inputs!$B$25/(Inputs!$B$25+Inputs!$B$40))*(IF(A5=1,Inputs!$B$27,IF(A5=2,Inputs!$B$28,IF(A5>=3,Inputs!$B$29,0)))))+IF(A5=20,(Inputs!$B$25/(Inputs!$B$25+Inputs!$B$40))*Inputs!$B$47,0)) | P5: =IF(A5=0,-Inputs!$B$26,IF(A5<=8,IF(A5=1,Inputs!$B$27,IF(A5=2,Inputs!$B$28,IF(A5>=3,Inputs!$B$29,0))),(Inputs!$B$25/(Inputs!$B$25+Inputs!$B$41))*(IF(A5=1,Inputs!$B$27,IF(A5=2,Inputs!$B$28,IF(A5>=3,Inputs!$B$29,0)))))+IF(A5=20,(Inputs!$B$25/(Inputs!$B$25+Inputs!$B$41))*Inputs!$B$47,0)) | Q5: =IF(A5=0,-Inputs!$B$26,IF(A5<=8,IF(A5=1,Inputs!$B$27,IF(A5=2,Inputs!$B$28,IF(A5>=3,Inputs!$B$29,0))),(Inputs!$B$25/(Inputs!$B$25+Inputs!$B$43))*(IF(A5=1,Inputs!$B$27,IF(A5=2,Inputs!$B$28,IF(A5>=3,Inputs!$B$29,0)))))+IF(A5=20,(Inputs!$B$25/(Inputs!$B$25+Inputs!$B$43))*Inputs!$B$47,0))
A6: 1 | B6: =A6*12/Inputs!$B$15 | C6: =A6/Inputs!$B$15 | D6: =1/(1+Inputs!$B$21)^C6 | E6: =IF(A6=0,-Inputs!$B$4,IF(B6=Inputs!$B$11,Inputs!$B$4,0)) | F6: =IF(A6=0,-Inputs!$B$4,IF(AND(B6>Inputs!$B$11,B6<=Inputs!$B$11+Inputs!$B$13),Inputs!$B$4*Inputs!$B$12/Inputs!$B$15,0)+IF(B6=Inputs!$B$11+Inputs!$B$13,Inputs!$B$4,0)) | G6: =IF(A6=0,-Inputs!$B$4,IF(A6=20,Inputs!$B$45*Inputs!$B$47,IF(B6>Inputs!$B$14,Inputs!$B$45*Inputs!$B$29,0))) | H6: =Inputs!$B$17*E6+Inputs!$B$18*F6+Inputs!$B$19*G6 | I6: =E6*$D6 | J6: =F6*$D6 | K6: =G6*$D6 | L6: =H6*$D6 | N6: =IF(A6=0,-Inputs!$B$26,IF(A6=1,Inputs!$B$27,IF(A6=2,Inputs!$B$28,IF(A6>=3,Inputs!$B$29,0)))+IF(A6=20,Inputs!$B$30+Inputs!$B$26,0)) | O6: =IF(A6=0,-Inputs!$B$26,IF(A6<=8,IF(A6=1,Inputs!$B$27,IF(A6=2,Inputs!$B$28,IF(A6>=3,Inputs!$B$29,0))),(Inputs!$B$25/(Inputs!$B$25+Inputs!$B$40))*(IF(A6=1,Inputs!$B$27,IF(A6=2,Inputs!$B$28,IF(A6>=3,Inputs!$B$29,0)))))+IF(A6=20,(Inputs!$B$25/(Inputs!$B$25+Inputs!$B$40))*Inputs!$B$47,0)) | P6: =IF(A6=0,-Inputs!$B$26,IF(A6<=8,IF(A6=1,Inputs!$B$27,IF(A6=2,Inputs!$B$28,IF(A6>=3,Inputs!$B$29,0))),(Inputs!$B$25/(Inputs!$B$25+Inputs!$B$41))*(IF(A6=1,Inputs!$B$27,IF(A6=2,Inputs!$B$28,IF(A6>=3,Inputs!$B$29,0)))))+IF(A6=20,(Inputs!$B$25/(Inputs!$B$25+Inputs!$B$41))*Inputs!$B$47,0)) | Q6: =IF(A6=0,-Inputs!$B$26,IF(A6<=8,IF(A6=1,Inputs!$B$27,IF(A6=2,Inputs!$B$28,IF(A6>=3,Inputs!$B$29,0))),(Inputs!$B$25/(Inputs!$B$25+Inputs!$B$43))*(IF(A6=1,Inputs!$B$27,IF(A6=2,Inputs!$B$28,IF(A6>=3,Inputs!$B$29,0)))))+IF(A6=20,(Inputs!$B$25/(Inputs!$B$25+Inputs!$B$43))*Inputs!$B$47,0))
A7: 2 | B7: =A7*12/Inputs!$B$15 | C7: =A7/Inputs!$B$15 | D7: =1/(1+Inputs!$B$21)^C7 | E7: =IF(A7=0,-Inputs!$B$4,IF(B7=Inputs!$B$11,Inputs!$B$4,0)) | F7: =IF(A7=0,-Inputs!$B$4,IF(AND(B7>Inputs!$B$11,B7<=Inputs!$B$11+Inputs!$B$13),Inputs!$B$4*Inputs!$B$12/Inputs!$B$15,0)+IF(B7=Inputs!$B$11+Inputs!$B$13,Inputs!$B$4,0)) | G7: =IF(A7=0,-Inputs!$B$4,IF(A7=20,Inputs!$B$45*Inputs!$B$47,IF(B7>Inputs!$B$14,Inputs!$B$45*Inputs!$B$29,0))) | H7: =Inputs!$B$17*E7+Inputs!$B$18*F7+Inputs!$B$19*G7 | I7: =E7*$D7 | J7: =F7*$D7 | K7: =G7*$D7 | L7: =H7*$D7 | N7: =IF(A7=0,-Inputs!$B$26,IF(A7=1,Inputs!$B$27,IF(A7=2,Inputs!$B$28,IF(A7>=3,Inputs!$B$29,0)))+IF(A7=20,Inputs!$B$30+Inputs!$B$26,0)) | O7: =IF(A7=0,-Inputs!$B$26,IF(A7<=8,IF(A7=1,Inputs!$B$27,IF(A7=2,Inputs!$B$28,IF(A7>=3,Inputs!$B$29,0))),(Inputs!$B$25/(Inputs!$B$25+Inputs!$B$40))*(IF(A7=1,Inputs!$B$27,IF(A7=2,Inputs!$B$28,IF(A7>=3,Inputs!$B$29,0)))))+IF(A7=20,(Inputs!$B$25/(Inputs!$B$25+Inputs!$B$40))*Inputs!$B$47,0)) | P7: =IF(A7=0,-Inputs!$B$26,IF(A7<=8,IF(A7=1,Inputs!$B$27,IF(A7=2,Inputs!$B$28,IF(A7>=3,Inputs!$B$29,0))),(Inputs!$B$25/(Inputs!$B$25+Inputs!$B$41))*(IF(A7=1,Inputs!$B$27,IF(A7=2,Inputs!$B$28,IF(A7>=3,Inputs!$B$29,0)))))+IF(A7=20,(Inputs!$B$25/(Inputs!$B$25+Inputs!$B$41))*Inputs!$B$47,0)) | Q7: =IF(A7=0,-Inputs!$B$26,IF(A7<=8,IF(A7=1,Inputs!$B$27,IF(A7=2,Inputs!$B$28,IF(A7>=3,Inputs!$B$29,0))),(Inputs!$B$25/(Inputs!$B$25+Inputs!$B$43))*(IF(A7=1,Inputs!$B$27,IF(A7=2,Inputs!$B$28,IF(A7>=3,Inputs!$B$29,0)))))+IF(A7=20,(Inputs!$B$25/(Inputs!$B$25+Inputs!$B$43))*Inputs!$B$47,0))
A8: 3 | B8: =A8*12/Inputs!$B$15 | C8: =A8/Inputs!$B$15 | D8: =1/(1+Inputs!$B$21)^C8 | E8: =IF(A8=0,-Inputs!$B$4,IF(B8=Inputs!$B$11,Inputs!$B$4,0)) | F8: =IF(A8=0,-Inputs!$B$4,IF(AND(B8>Inputs!$B$11,B8<=Inputs!$B$11+Inputs!$B$13),Inputs!$B$4*Inputs!$B$12/Inputs!$B$15,0)+IF(B8=Inputs!$B$11+Inputs!$B$13,Inputs!$B$4,0)) | G8: =IF(A8=0,-Inputs!$B$4,IF(A8=20,Inputs!$B$45*Inputs!$B$47,IF(B8>Inputs!$B$14,Inputs!$B$45*Inputs!$B$29,0))) | H8: =Inputs!$B$17*E8+Inputs!$B$18*F8+Inputs!$B$19*G8 | I8: =E8*$D8 | J8: =F8*$D8 | K8: =G8*$D8 | L8: =H8*$D8 | N8: =IF(A8=0,-Inputs!$B$26,IF(A8=1,Inputs!$B$27,IF(A8=2,Inputs!$B$28,IF(A8>=3,Inputs!$B$29,0)))+IF(A8=20,Inputs!$B$30+Inputs!$B$26,0)) | O8: =IF(A8=0,-Inputs!$B$26,IF(A8<=8,IF(A8=1,Inputs!$B$27,IF(A8=2,Inputs!$B$28,IF(A8>=3,Inputs!$B$29,0))),(Inputs!$B$25/(Inputs!$B$25+Inputs!$B$40))*(IF(A8=1,Inputs!$B$27,IF(A8=2,Inputs!$B$28,IF(A8>=3,Inputs!$B$29,0)))))+IF(A8=20,(Inputs!$B$25/(Inputs!$B$25+Inputs!$B$40))*Inputs!$B$47,0)) | P8: =IF(A8=0,-Inputs!$B$26,IF(A8<=8,IF(A8=1,Inputs!$B$27,IF(A8=2,Inputs!$B$28,IF(A8>=3,Inputs!$B$29,0))),(Inputs!$B$25/(Inputs!$B$25+Inputs!$B$41))*(IF(A8=1,Inputs!$B$27,IF(A8=2,Inputs!$B$28,IF(A8>=3,Inputs!$B$29,0)))))+IF(A8=20,(Inputs!$B$25/(Inputs!$B$25+Inputs!$B$41))*Inputs!$B$47,0)) | Q8: =IF(A8=0,-Inputs!$B$26,IF(A8<=8,IF(A8=1,Inputs!$B$27,IF(A8=2,Inputs!$B$28,IF(A8>=3,Inputs!$B$29,0))),(Inputs!$B$25/(Inputs!$B$25+Inputs!$B$43))*(IF(A8=1,Inputs!$B$27,IF(A8=2,Inputs!$B$28,IF(A8>=3,Inputs!$B$29,0)))))+IF(A8=20,(Inputs!$B$25/(Inputs!$B$25+Inputs!$B$43))*Inputs!$B$47,0))
A9: 4 | B9: =A9*12/Inputs!$B$15 | C9: =A9/Inputs!$B$15 | D9: =1/(1+Inputs!$B$21)^C9 | E9: =IF(A9=0,-Inputs!$B$4,IF(B9=Inputs!$B$11,Inputs!$B$4,0)) | F9: =IF(A9=0,-Inputs!$B$4,IF(AND(B9>Inputs!$B$11,B9<=Inputs!$B$11+Inputs!$B$13),Inputs!$B$4*Inputs!$B$12/Inputs!$B$15,0)+IF(B9=Inputs!$B$11+Inputs!$B$13,Inputs!$B$4,0)) | G9: =IF(A9=0,-Inputs!$B$4,IF(A9=20,Inputs!$B$45*Inputs!$B$47,IF(B9>Inputs!$B$14,Inputs!$B$45*Inputs!$B$29,0))) | H9: =Inputs!$B$17*E9+Inputs!$B$18*F9+Inputs!$B$19*G9 | I9: =E9*$D9 | J9: =F9*$D9 | K9: =G9*$D9 | L9: =H9*$D9 | N9: =IF(A9=0,-Inputs!$B$26,IF(A9=1,Inputs!$B$27,IF(A9=2,Inputs!$B$28,IF(A9>=3,Inputs!$B$29,0)))+IF(A9=20,Inputs!$B$30+Inputs!$B$26,0)) | O9: =IF(A9=0,-Inputs!$B$26,IF(A9<=8,IF(A9=1,Inputs!$B$27,IF(A9=2,Inputs!$B$28,IF(A9>=3,Inputs!$B$29,0))),(Inputs!$B$25/(Inputs!$B$25+Inputs!$B$40))*(IF(A9=1,Inputs!$B$27,IF(A9=2,Inputs!$B$28,IF(A9>=3,Inputs!$B$29,0)))))+IF(A9=20,(Inputs!$B$25/(Inputs!$B$25+Inputs!$B$40))*Inputs!$B$47,0)) | P9: =IF(A9=0,-Inputs!$B$26,IF(A9<=8,IF(A9=1,Inputs!$B$27,IF(A9=2,Inputs!$B$28,IF(A9>=3,Inputs!$B$29,0))),(Inputs!$B$25/(Inputs!$B$25+Inputs!$B$41))*(IF(A9=1,Inputs!$B$27,IF(A9=2,Inputs!$B$28,IF(A9>=3,Inputs!$B$29,0)))))+IF(A9=20,(Inputs!$B$25/(Inputs!$B$25+Inputs!$B$41))*Inputs!$B$47,0)) | Q9: =IF(A9=0,-Inputs!$B$26,IF(A9<=8,IF(A9=1,Inputs!$B$27,IF(A9=2,Inputs!$B$28,IF(A9>=3,Inputs!$B$29,0))),(Inputs!$B$25/(Inputs!$B$25+Inputs!$B$43))*(IF(A9=1,Inputs!$B$27,IF(A9=2,Inputs!$B$28,IF(A9>=3,Inputs!$B$29,0)))))+IF(A9=20,(Inputs!$B$25/(Inputs!$B$25+Inputs!$B$43))*Inputs!$B$47,0))
A10: 5 | B10: =A10*12/Inputs!$B$15 | C10: =A10/Inputs!$B$15 | D10: =1/(1+Inputs!$B$21)^C10 | E10: =IF(A10=0,-Inputs!$B$4,IF(B10=Inputs!$B$11,Inputs!$B$4,0)) | F10: =IF(A10=0,-Inputs!$B$4,IF(AND(B10>Inputs!$B$11,B10<=Inputs!$B$11+Inputs!$B$13),Inputs!$B$4*Inputs!$B$12/Inputs!$B$15,0)+IF(B10=Inputs!$B$11+Inputs!$B$13,Inputs!$B$4,0)) | G10: =IF(A10=0,-Inputs!$B$4,IF(A10=20,Inputs!$B$45*Inputs!$B$47,IF(B10>Inputs!$B$14,Inputs!$B$45*Inputs!$B$29,0))) | H10: =Inputs!$B$17*E10+Inputs!$B$18*F10+Inputs!$B$19*G10 | I10: =E10*$D10 | J10: =F10*$D10 | K10: =G10*$D10 | L10: =H10*$D10 | N10: =IF(A10=0,-Inputs!$B$26,IF(A10=1,Inputs!$B$27,IF(A10=2,Inputs!$B$28,IF(A10>=3,Inputs!$B$29,0)))+IF(A10=20,Inputs!$B$30+Inputs!$B$26,0)) | O10: =IF(A10=0,-Inputs!$B$26,IF(A10<=8,IF(A10=1,Inputs!$B$27,IF(A10=2,Inputs!$B$28,IF(A10>=3,Inputs!$B$29,0))),(Inputs!$B$25/(Inputs!$B$25+Inputs!$B$40))*(IF(A10=1,Inputs!$B$27,IF(A10=2,Inputs!$B$28,IF(A10>=3,Inputs!$B$29,0)))))+IF(A10=20,(Inputs!$B$25/(Inputs!$B$25+Inputs!$B$40))*Inputs!$B$47,0)) | P10: =IF(A10=0,-Inputs!$B$26,IF(A10<=8,IF(A10=1,Inputs!$B$27,IF(A10=2,Inputs!$B$28,IF(A10>=3,Inputs!$B$29,0))),(Inputs!$B$25/(Inputs!$B$25+Inputs!$B$41))*(IF(A10=1,Inputs!$B$27,IF(A10=2,Inputs!$B$28,IF(A10>=3,Inputs!$B$29,0)))))+IF(A10=20,(Inputs!$B$25/(Inputs!$B$25+Inputs!$B$41))*Inputs!$B$47,0)) | Q10: =IF(A10=0,-Inputs!$B$26,IF(A10<=8,IF(A10=1,Inputs!$B$27,IF(A10=2,Inputs!$B$28,IF(A10>=3,Inputs!$B$29,0))),(Inputs!$B$25/(Inputs!$B$25+Inputs!$B$43))*(IF(A10=1,Inputs!$B$27,IF(A10=2,Inputs!$B$28,IF(A10>=3,Inputs!$B$29,0)))))+IF(A10=20,(Inputs!$B$25/(Inputs!$B$25+Inputs!$B$43))*Inputs!$B$47,0))
A11: 6 | B11: =A11*12/Inputs!$B$15 | C11: =A11/Inputs!$B$15 | D11: =1/(1+Inputs!$B$21)^C11 | E11: =IF(A11=0,-Inputs!$B$4,IF(B11=Inputs!$B$11,Inputs!$B$4,0)) | F11: =IF(A11=0,-Inputs!$B$4,IF(AND(B11>Inputs!$B$11,B11<=Inputs!$B$11+Inputs!$B$13),Inputs!$B$4*Inputs!$B$12/Inputs!$B$15,0)+IF(B11=Inputs!$B$11+Inputs!$B$13,Inputs!$B$4,0)) | G11: =IF(A11=0,-Inputs!$B$4,IF(A11=20,Inputs!$B$45*Inputs!$B$47,IF(B11>Inputs!$B$14,Inputs!$B$45*Inputs!$B$29,0))) | H11: =Inputs!$B$17*E11+Inputs!$B$18*F11+Inputs!$B$19*G11 | I11: =E11*$D11 | J11: =F11*$D11 | K11: =G11*$D11 | L11: =H11*$D11 | N11: =IF(A11=0,-Inputs!$B$26,IF(A11=1,Inputs!$B$27,IF(A11=2,Inputs!$B$28,IF(A11>=3,Inputs!$B$29,0)))+IF(A11=20,Inputs!$B$30+Inputs!$B$26,0)) | O11: =IF(A11=0,-Inputs!$B$26,IF(A11<=8,IF(A11=1,Inputs!$B$27,IF(A11=2,Inputs!$B$28,IF(A11>=3,Inputs!$B$29,0))),(Inputs!$B$25/(Inputs!$B$25+Inputs!$B$40))*(IF(A11=1,Inputs!$B$27,IF(A11=2,Inputs!$B$28,IF(A11>=3,Inputs!$B$29,0)))))+IF(A11=20,(Inputs!$B$25/(Inputs!$B$25+Inputs!$B$40))*Inputs!$B$47,0)) | P11: =IF(A11=0,-Inputs!$B$26,IF(A11<=8,IF(A11=1,Inputs!$B$27,IF(A11=2,Inputs!$B$28,IF(A11>=3,Inputs!$B$29,0))),(Inputs!$B$25/(Inputs!$B$25+Inputs!$B$41))*(IF(A11=1,Inputs!$B$27,IF(A11=2,Inputs!$B$28,IF(A11>=3,Inputs!$B$29,0)))))+IF(A11=20,(Inputs!$B$25/(Inputs!$B$25+Inputs!$B$41))*Inputs!$B$47,0)) | Q11: =IF(A11=0,-Inputs!$B$26,IF(A11<=8,IF(A11=1,Inputs!$B$27,IF(A11=2,Inputs!$B$28,IF(A11>=3,Inputs!$B$29,0))),(Inputs!$B$25/(Inputs!$B$25+Inputs!$B$43))*(IF(A11=1,Inputs!$B$27,IF(A11=2,Inputs!$B$28,IF(A11>=3,Inputs!$B$29,0)))))+IF(A11=20,(Inputs!$B$25/(Inputs!$B$25+Inputs!$B$43))*Inputs!$B$47,0))
A12: 7 | B12: =A12*12/Inputs!$B$15 | C12: =A12/Inputs!$B$15 | D12: =1/(1+Inputs!$B$21)^C12 | E12: =IF(A12=0,-Inputs!$B$4,IF(B12=Inputs!$B$11,Inputs!$B$4,0)) | F12: =IF(A12=0,-Inputs!$B$4,IF(AND(B12>Inputs!$B$11,B12<=Inputs!$B$11+Inputs!$B$13),Inputs!$B$4*Inputs!$B$12/Inputs!$B$15,0)+IF(B12=Inputs!$B$11+Inputs!$B$13,Inputs!$B$4,0)) | G12: =IF(A12=0,-Inputs!$B$4,IF(A12=20,Inputs!$B$45*Inputs!$B$47,IF(B12>Inputs!$B$14,Inputs!$B$45*Inputs!$B$29,0))) | H12: =Inputs!$B$17*E12+Inputs!$B$18*F12+Inputs!$B$19*G12 | I12: =E12*$D12 | J12: =F12*$D12 | K12: =G12*$D12 | L12: =H12*$D12 | N12: =IF(A12=0,-Inputs!$B$26,IF(A12=1,Inputs!$B$27,IF(A12=2,Inputs!$B$28,IF(A12>=3,Inputs!$B$29,0)))+IF(A12=20,Inputs!$B$30+Inputs!$B$26,0)) | O12: =IF(A12=0,-Inputs!$B$26,IF(A12<=8,IF(A12=1,Inputs!$B$27,IF(A12=2,Inputs!$B$28,IF(A12>=3,Inputs!$B$29,0))),(Inputs!$B$25/(Inputs!$B$25+Inputs!$B$40))*(IF(A12=1,Inputs!$B$27,IF(A12=2,Inputs!$B$28,IF(A12>=3,Inputs!$B$29,0)))))+IF(A12=20,(Inputs!$B$25/(Inputs!$B$25+Inputs!$B$40))*Inputs!$B$47,0)) | P12: =IF(A12=0,-Inputs!$B$26,IF(A12<=8,IF(A12=1,Inputs!$B$27,IF(A12=2,Inputs!$B$28,IF(A12>=3,Inputs!$B$29,0))),(Inputs!$B$25/(Inputs!$B$25+Inputs!$B$41))*(IF(A12=1,Inputs!$B$27,IF(A12=2,Inputs!$B$28,IF(A12>=3,Inputs!$B$29,0)))))+IF(A12=20,(Inputs!$B$25/(Inputs!$B$25+Inputs!$B$41))*Inputs!$B$47,0)) | Q12: =IF(A12=0,-Inputs!$B$26,IF(A12<=8,IF(A12=1,Inputs!$B$27,IF(A12=2,Inputs!$B$28,IF(A12>=3,Inputs!$B$29,0))),(Inputs!$B$25/(Inputs!$B$25+Inputs!$B$43))*(IF(A12=1,Inputs!$B$27,IF(A12=2,Inputs!$B$28,IF(A12>=3,Inputs!$B$29,0)))))+IF(A12=20,(Inputs!$B$25/(Inputs!$B$25+Inputs!$B$43))*Inputs!$B$47,0))
A13: 8 | B13: =A13*12/Inputs!$B$15 | C13: =A13/Inputs!$B$15 | D13: =1/(1+Inputs!$B$21)^C13 | E13: =IF(A13=0,-Inputs!$B$4,IF(B13=Inputs!$B$11,Inputs!$B$4,0)) | F13: =IF(A13=0,-Inputs!$B$4,IF(AND(B13>Inputs!$B$11,B13<=Inputs!$B$11+Inputs!$B$13),Inputs!$B$4*Inputs!$B$12/Inputs!$B$15,0)+IF(B13=Inputs!$B$11+Inputs!$B$13,Inputs!$B$4,0)) | G13: =IF(A13=0,-Inputs!$B$4,IF(A13=20,Inputs!$B$45*Inputs!$B$47,IF(B13>Inputs!$B$14,Inputs!$B$45*Inputs!$B$29,0))) | H13: =Inputs!$B$17*E13+Inputs!$B$18*F13+Inputs!$B$19*G13 | I13: =E13*$D13 | J13: =F13*$D13 | K13: =G13*$D13 | L13: =H13*$D13 | N13: =IF(A13=0,-Inputs!$B$26,IF(A13=1,Inputs!$B$27,IF(A13=2,Inputs!$B$28,IF(A13>=3,Inputs!$B$29,0)))+IF(A13=20,Inputs!$B$30+Inputs!$B$26,0)) | O13: =IF(A13=0,-Inputs!$B$26,IF(A13<=8,IF(A13=1,Inputs!$B$27,IF(A13=2,Inputs!$B$28,IF(A13>=3,Inputs!$B$29,0))),(Inputs!$B$25/(Inputs!$B$25+Inputs!$B$40))*(IF(A13=1,Inputs!$B$27,IF(A13=2,Inputs!$B$28,IF(A13>=3,Inputs!$B$29,0)))))+IF(A13=20,(Inputs!$B$25/(Inputs!$B$25+Inputs!$B$40))*Inputs!$B$47,0)) | P13: =IF(A13=0,-Inputs!$B$26,IF(A13<=8,IF(A13=1,Inputs!$B$27,IF(A13=2,Inputs!$B$28,IF(A13>=3,Inputs!$B$29,0))),(Inputs!$B$25/(Inputs!$B$25+Inputs!$B$41))*(IF(A13=1,Inputs!$B$27,IF(A13=2,Inputs!$B$28,IF(A13>=3,Inputs!$B$29,0)))))+IF(A13=20,(Inputs!$B$25/(Inputs!$B$25+Inputs!$B$41))*Inputs!$B$47,0)) | Q13: =IF(A13=0,-Inputs!$B$26,IF(A13<=8,IF(A13=1,Inputs!$B$27,IF(A13=2,Inputs!$B$28,IF(A13>=3,Inputs!$B$29,0))),(Inputs!$B$25/(Inputs!$B$25+Inputs!$B$43))*(IF(A13=1,Inputs!$B$27,IF(A13=2,Inputs!$B$28,IF(A13>=3,Inputs!$B$29,0)))))+IF(A13=20,(Inputs!$B$25/(Inputs!$B$25+Inputs!$B$43))*Inputs!$B$47,0))
A14: 9 | B14: =A14*12/Inputs!$B$15 | C14: =A14/Inputs!$B$15 | D14: =1/(1+Inputs!$B$21)^C14 | E14: =IF(A14=0,-Inputs!$B$4,IF(B14=Inputs!$B$11,Inputs!$B$4,0)) | F14: =IF(A14=0,-Inputs!$B$4,IF(AND(B14>Inputs!$B$11,B14<=Inputs!$B$11+Inputs!$B$13),Inputs!$B$4*Inputs!$B$12/Inputs!$B$15,0)+IF(B14=Inputs!$B$11+Inputs!$B$13,Inputs!$B$4,0)) | G14: =IF(A14=0,-Inputs!$B$4,IF(A14=20,Inputs!$B$45*Inputs!$B$47,IF(B14>Inputs!$B$14,Inputs!$B$45*Inputs!$B$29,0))) | H14: =Inputs!$B$17*E14+Inputs!$B$18*F14+Inputs!$B$19*G14 | I14: =E14*$D14 | J14: =F14*$D14 | K14: =G14*$D14 | L14: =H14*$D14 | N14: =IF(A14=0,-Inputs!$B$26,IF(A14=1,Inputs!$B$27,IF(A14=2,Inputs!$B$28,IF(A14>=3,Inputs!$B$29,0)))+IF(A14=20,Inputs!$B$30+Inputs!$B$26,0)) | O14: =IF(A14=0,-Inputs!$B$26,IF(A14<=8,IF(A14=1,Inputs!$B$27,IF(A14=2,Inputs!$B$28,IF(A14>=3,Inputs!$B$29,0))),(Inputs!$B$25/(Inputs!$B$25+Inputs!$B$40))*(IF(A14=1,Inputs!$B$27,IF(A14=2,Inputs!$B$28,IF(A14>=3,Inputs!$B$29,0)))))+IF(A14=20,(Inputs!$B$25/(Inputs!$B$25+Inputs!$B$40))*Inputs!$B$47,0)) | P14: =IF(A14=0,-Inputs!$B$26,IF(A14<=8,IF(A14=1,Inputs!$B$27,IF(A14=2,Inputs!$B$28,IF(A14>=3,Inputs!$B$29,0))),(Inputs!$B$25/(Inputs!$B$25+Inputs!$B$41))*(IF(A14=1,Inputs!$B$27,IF(A14=2,Inputs!$B$28,IF(A14>=3,Inputs!$B$29,0)))))+IF(A14=20,(Inputs!$B$25/(Inputs!$B$25+Inputs!$B$41))*Inputs!$B$47,0)) | Q14: =IF(A14=0,-Inputs!$B$26,IF(A14<=8,IF(A14=1,Inputs!$B$27,IF(A14=2,Inputs!$B$28,IF(A14>=3,Inputs!$B$29,0))),(Inputs!$B$25/(Inputs!$B$25+Inputs!$B$43))*(IF(A14=1,Inputs!$B$27,IF(A14=2,Inputs!$B$28,IF(A14>=3,Inputs!$B$29,0)))))+IF(A14=20,(Inputs!$B$25/(Inputs!$B$25+Inputs!$B$43))*Inputs!$B$47,0))
A15: 10 | B15: =A15*12/Inputs!$B$15 | C15: =A15/Inputs!$B$15 | D15: =1/(1+Inputs!$B$21)^C15 | E15: =IF(A15=0,-Inputs!$B$4,IF(B15=Inputs!$B$11,Inputs!$B$4,0)) | F15: =IF(A15=0,-Inputs!$B$4,IF(AND(B15>Inputs!$B$11,B15<=Inputs!$B$11+Inputs!$B$13),Inputs!$B$4*Inputs!$B$12/Inputs!$B$15,0)+IF(B15=Inputs!$B$11+Inputs!$B$13,Inputs!$B$4,0)) | G15: =IF(A15=0,-Inputs!$B$4,IF(A15=20,Inputs!$B$45*Inputs!$B$47,IF(B15>Inputs!$B$14,Inputs!$B$45*Inputs!$B$29,0))) | H15: =Inputs!$B$17*E15+Inputs!$B$18*F15+Inputs!$B$19*G15 | I15: =E15*$D15 | J15: =F15*$D15 | K15: =G15*$D15 | L15: =H15*$D15 | N15: =IF(A15=0,-Inputs!$B$26,IF(A15=1,Inputs!$B$27,IF(A15=2,Inputs!$B$28,IF(A15>=3,Inputs!$B$29,0)))+IF(A15=20,Inputs!$B$30+Inputs!$B$26,0)) | O15: =IF(A15=0,-Inputs!$B$26,IF(A15<=8,IF(A15=1,Inputs!$B$27,IF(A15=2,Inputs!$B$28,IF(A15>=3,Inputs!$B$29,0))),(Inputs!$B$25/(Inputs!$B$25+Inputs!$B$40))*(IF(A15=1,Inputs!$B$27,IF(A15=2,Inputs!$B$28,IF(A15>=3,Inputs!$B$29,0)))))+IF(A15=20,(Inputs!$B$25/(Inputs!$B$25+Inputs!$B$40))*Inputs!$B$47,0)) | P15: =IF(A15=0,-Inputs!$B$26,IF(A15<=8,IF(A15=1,Inputs!$B$27,IF(A15=2,Inputs!$B$28,IF(A15>=3,Inputs!$B$29,0))),(Inputs!$B$25/(Inputs!$B$25+Inputs!$B$41))*(IF(A15=1,Inputs!$B$27,IF(A15=2,Inputs!$B$28,IF(A15>=3,Inputs!$B$29,0)))))+IF(A15=20,(Inputs!$B$25/(Inputs!$B$25+Inputs!$B$41))*Inputs!$B$47,0)) | Q15: =IF(A15=0,-Inputs!$B$26,IF(A15<=8,IF(A15=1,Inputs!$B$27,IF(A15=2,Inputs!$B$28,IF(A15>=3,Inputs!$B$29,0))),(Inputs!$B$25/(Inputs!$B$25+Inputs!$B$43))*(IF(A15=1,Inputs!$B$27,IF(A15=2,Inputs!$B$28,IF(A15>=3,Inputs!$B$29,0)))))+IF(A15=20,(Inputs!$B$25/(Inputs!$B$25+Inputs!$B$43))*Inputs!$B$47,0))
A16: 11 | B16: =A16*12/Inputs!$B$15 | C16: =A16/Inputs!$B$15 | D16: =1/(1+Inputs!$B$21)^C16 | E16: =IF(A16=0,-Inputs!$B$4,IF(B16=Inputs!$B$11,Inputs!$B$4,0)) | F16: =IF(A16=0,-Inputs!$B$4,IF(AND(B16>Inputs!$B$11,B16<=Inputs!$B$11+Inputs!$B$13),Inputs!$B$4*Inputs!$B$12/Inputs!$B$15,0)+IF(B16=Inputs!$B$11+Inputs!$B$13,Inputs!$B$4,0)) | G16: =IF(A16=0,-Inputs!$B$4,IF(A16=20,Inputs!$B$45*Inputs!$B$47,IF(B16>Inputs!$B$14,Inputs!$B$45*Inputs!$B$29,0))) | H16: =Inputs!$B$17*E16+Inputs!$B$18*F16+Inputs!$B$19*G16 | I16: =E16*$D16 | J16: =F16*$D16 | K16: =G16*$D16 | L16: =H16*$D16 | N16: =IF(A16=0,-Inputs!$B$26,IF(A16=1,Inputs!$B$27,IF(A16=2,Inputs!$B$28,IF(A16>=3,Inputs!$B$29,0)))+IF(A16=20,Inputs!$B$30+Inputs!$B$26,0)) | O16: =IF(A16=0,-Inputs!$B$26,IF(A16<=8,IF(A16=1,Inputs!$B$27,IF(A16=2,Inputs!$B$28,IF(A16>=3,Inputs!$B$29,0))),(Inputs!$B$25/(Inputs!$B$25+Inputs!$B$40))*(IF(A16=1,Inputs!$B$27,IF(A16=2,Inputs!$B$28,IF(A16>=3,Inputs!$B$29,0)))))+IF(A16=20,(Inputs!$B$25/(Inputs!$B$25+Inputs!$B$40))*Inputs!$B$47,0)) | P16: =IF(A16=0,-Inputs!$B$26,IF(A16<=8,IF(A16=1,Inputs!$B$27,IF(A16=2,Inputs!$B$28,IF(A16>=3,Inputs!$B$29,0))),(Inputs!$B$25/(Inputs!$B$25+Inputs!$B$41))*(IF(A16=1,Inputs!$B$27,IF(A16=2,Inputs!$B$28,IF(A16>=3,Inputs!$B$29,0)))))+IF(A16=20,(Inputs!$B$25/(Inputs!$B$25+Inputs!$B$41))*Inputs!$B$47,0)) | Q16: =IF(A16=0,-Inputs!$B$26,IF(A16<=8,IF(A16=1,Inputs!$B$27,IF(A16=2,Inputs!$B$28,IF(A16>=3,Inputs!$B$29,0))),(Inputs!$B$25/(Inputs!$B$25+Inputs!$B$43))*(IF(A16=1,Inputs!$B$27,IF(A16=2,Inputs!$B$28,IF(A16>=3,Inputs!$B$29,0)))))+IF(A16=20,(Inputs!$B$25/(Inputs!$B$25+Inputs!$B$43))*Inputs!$B$47,0))
... A25: 20 | B25: =A25*12/Inputs!$B$15 | C25: =A25/Inputs!$B$15 | D25: =1/(1+Inputs!$B$21)^C25 | E25: =IF(A25=0,-Inputs!$B$4,IF(B25=Inputs!$B$11,Inputs!$B$4,0)) | F25: =IF(A25=0,-Inputs!$B$4,IF(AND(B25>Inputs!$B$11,B25<=Inputs!$B$11+Inputs!$B$13),Inputs!$B$4*Inputs!$B$12/Inputs!$B$15,0)+IF(B25=Inputs!$B$11+Inputs!$B$13,Inputs!$B$4,0)) | G25: =IF(A25=0,-Inputs!$B$4,IF(A25=20,Inputs!$B$45*Inputs!$B$47,IF(B25>Inputs!$B$14,Inputs!$B$45*Inputs!$B$29,0))) | H25: =Inputs!$B$17*E25+Inputs!$B$18*F25+Inputs!$B$19*G25 | I25: =E25*$D25 | J25: =F25*$D25 | K25: =G25*$D25 | L25: =H25*$D25 | N25: =IF(A25=0,-Inputs!$B$26,IF(A25=1,Inputs!$B$27,IF(A25=2,Inputs!$B$28,IF(A25>=3,Inputs!$B$29,0)))+IF(A25=20,Inputs!$B$30+Inputs!$B$26,0)) | O25: =IF(A25=0,-Inputs!$B$26,IF(A25<=8,IF(A25=1,Inputs!$B$27,IF(A25=2,Inputs!$B$28,IF(A25>=3,Inputs!$B$29,0))),(Inputs!$B$25/(Inputs!$B$25+Inputs!$B$40))*(IF(A25=1,Inputs!$B$27,IF(A25=2,Inputs!$B$28,IF(A25>=3,Inputs!$B$29,0)))))+IF(A25=20,(Inputs!$B$25/(Inputs!$B$25+Inputs!$B$40))*Inputs!$B$47,0)) | P25: =IF(A25=0,-Inputs!$B$26,IF(A25<=8,IF(A25=1,Inputs!$B$27,IF(A25=2,Inputs!$B$28,IF(A25>=3,Inputs!$B$29,0))),(Inputs!$B$25/(Inputs!$B$25+Inputs!$B$41))*(IF(A25=1,Inputs!$B$27,IF(A25=2,Inputs!$B$28,IF(A25>=3,Inputs!$B$29,0)))))+IF(A25=20,(Inputs!$B$25/(Inputs!$B$25+Inputs!$B$41))*Inputs!$B$47,0)) | Q25: =IF(A25=0,-Inputs!$B$26,IF(A25<=8,IF(A25=1,Inputs!$B$27,IF(A25=2,Inputs!$B$28,IF(A25>=3,Inputs!$B$29,0))),(Inputs!$B$25/(Inputs!$B$25+Inputs!$B$43))*(IF(A25=1,Inputs!$B$27,IF(A25=2,Inputs!$B$28,IF(A25>=3,Inputs!$B$29,0)))))+IF(A25=20,(Inputs!$B$25/(Inputs!$B$25+Inputs!$B$43))*Inputs!$B$47,0))
A27: 합계 | E27: =SUM(E5:E25) | F27: =SUM(F5:F25) | G27: =SUM(G5:G25) | H27: =SUM(H5:H25) | N27: =SUM(N5:N25) | O27: =SUM(O5:O25) | P27: =SUM(P5:P25) | Q27: =SUM(Q5:Q25)
A28: PV 합계 (FY0 투자 제외) | I28: =SUM(I6:I25) | J28: =SUM(J6:J25) | K28: =SUM(K6:K25) | L28: =SUM(L6:L25)
A29: NPV (투자 포함) | I29: =I28-Inputs!$B$4 | J29: =J28-Inputs!$B$4 | K29: =K28-Inputs!$B$4 | L29: =L28-Inputs!$B$4
A30: IRR (연, 반기 IRR 연환산) | E30: =IFERROR((1+IRR(E5:E25))^Inputs!$B$15-1,"n/a") | F30: =IFERROR((1+IRR(F5:F25))^Inputs!$B$15-1,"n/a") | G30: =IFERROR((1+IRR(G5:G25))^Inputs!$B$15-1,"n/a") | H30: =IFERROR((1+IRR(H5:H25))^Inputs!$B$15-1,"n/a") | N30: =IFERROR((1+IRR(N5:N25))^Inputs!$B$15-1,"n/a") | O30: =IFERROR((1+IRR(O5:O25))^Inputs!$B$15-1,"n/a") | P30: =IFERROR((1+IRR(P5:P25))^Inputs!$B$15-1,"n/a") | Q30: =IFERROR((1+IRR(Q5:Q25))^Inputs!$B$15-1,"n/a")
A31: E.Multiple (총회수/원금) | E31: =SUM(E6:E25)/Inputs!$B$4 | F31: =SUM(F6:F25)/Inputs!$B$4 | G31: =SUM(G6:G25)/Inputs!$B$4 | H31: =SUM(H6:H25)/Inputs!$B$4 | N31: =SUM(N6:N25)/Inputs!$B$26 | O31: =SUM(O6:O25)/Inputs!$B$26 | P31: =SUM(P6:P25)/Inputs!$B$26 | Q31: =SUM(Q6:Q25)/Inputs!$B$26
A33: * 시나리오 B의 감자 시점은 25~48개월 중 어느 시점이든 가능하나 48개월 말로 단순화(배당 최대 수취 → LF에 유리·리츠에 보수적). 시나리오 C의 FY9~19 보통주 운영배당은 기준 모델과 동일하게 0. | N33: KLI 기준 CF 검증: IRR 16.44%·E.Multiple 4.35x = 기준 재무모델 IM J102·J103과 일치해야 함

Sheet Sensitivity
A1: 민감도 — 확률가중 기대가치의 발행가 대비 (%)
A2: 행 = 할인율(연), 열 = 시나리오 A 확률. 시나리오 C 확률은 Inputs!B19 고정, B = 1 − A − C. 전환비율은 Inputs!B33 선택 기준
A4: 할인율 \ P(A) | B4: 0.5 | C4: 0.6 | D4: 0.7 | E4: 0.8 | F4: 0.9
A5: 0.06 | B5: =(B$4*(Inputs!$B$4/(1+$A5)^(Inputs!$B$11/12))+(1-B$4-Inputs!$B$19)*((Inputs!$B$4*Inputs!$B$12/Inputs!$B$15)*((1+$A5)^-(Inputs!$B$11/12+1/Inputs!$B$15)+(1+$A5)^-(Inputs!$B$11/12+2/Inputs!$B$15)+(1+$A5)^-(Inputs!$B$11/12+3/Inputs!$B$15)+(1+$A5)^-(Inputs!$B$11/12+4/Inputs!$B$15))+Inputs!$B$4*(1+$A5)^-((Inputs!$B$11+Inputs!$B$13)/12))+Inputs!$B$19*(Inputs!$B$45*Inputs!$B$47*(1+$A5)^-10))/Inputs!$B$4 | C5: =(C$4*(Inputs!$B$4/(1+$A5)^(Inputs!$B$11/12))+(1-C$4-Inputs!$B$19)*((Inputs!$B$4*Inputs!$B$12/Inputs!$B$15)*((1+$A5)^-(Inputs!$B$11/12+1/Inputs!$B$15)+(1+$A5)^-(Inputs!$B$11/12+2/Inputs!$B$15)+(1+$A5)^-(Inputs!$B$11/12+3/Inputs!$B$15)+(1+$A5)^-(Inputs!$B$11/12+4/Inputs!$B$15))+Inputs!$B$4*(1+$A5)^-((Inputs!$B$11+Inputs!$B$13)/12))+Inputs!$B$19*(Inputs!$B$45*Inputs!$B$47*(1+$A5)^-10))/Inputs!$B$4 | D5: =(D$4*(Inputs!$B$4/(1+$A5)^(Inputs!$B$11/12))+(1-D$4-Inputs!$B$19)*((Inputs!$B$4*Inputs!$B$12/Inputs!$B$15)*((1+$A5)^-(Inputs!$B$11/12+1/Inputs!$B$15)+(1+$A5)^-(Inputs!$B$11/12+2/Inputs!$B$15)+(1+$A5)^-(Inputs!$B$11/12+3/Inputs!$B$15)+(1+$A5)^-(Inputs!$B$11/12+4/Inputs!$B$15))+Inputs!$B$4*(1+$A5)^-((Inputs!$B$11+Inputs!$B$13)/12))+Inputs!$B$19*(Inputs!$B$45*Inputs!$B$47*(1+$A5)^-10))/Inputs!$B$4 | E5: =(E$4*(Inputs!$B$4/(1+$A5)^(Inputs!$B$11/12))+(1-E$4-Inputs!$B$19)*((Inputs!$B$4*Inputs!$B$12/Inputs!$B$15)*((1+$A5)^-(Inputs!$B$11/12+1/Inputs!$B$15)+(1+$A5)^-(Inputs!$B$11/12+2/Inputs!$B$15)+(1+$A5)^-(Inputs!$B$11/12+3/Inputs!$B$15)+(1+$A5)^-(Inputs!$B$11/12+4/Inputs!$B$15))+Inputs!$B$4*(1+$A5)^-((Inputs!$B$11+Inputs!$B$13)/12))+Inputs!$B$19*(Inputs!$B$45*Inputs!$B$47*(1+$A5)^-10))/Inputs!$B$4 | F5: =(F$4*(Inputs!$B$4/(1+$A5)^(Inputs!$B$11/12))+(1-F$4-Inputs!$B$19)*((Inputs!$B$4*Inputs!$B$12/Inputs!$B$15)*((1+$A5)^-(Inputs!$B$11/12+1/Inputs!$B$15)+(1+$A5)^-(Inputs!$B$11/12+2/Inputs!$B$15)+(1+$A5)^-(Inputs!$B$11/12+3/Inputs!$B$15)+(1+$A5)^-(Inputs!$B$11/12+4/Inputs!$B$15))+Inputs!$B$4*(1+$A5)^-((Inputs!$B$11+Inputs!$B$13)/12))+Inputs!$B$19*(Inputs!$B$45*Inputs!$B$47*(1+$A5)^-10))/Inputs!$B$4
A6: 0.07 | B6: =(B$4*(Inputs!$B$4/(1+$A6)^(Inputs!$B$11/12))+(1-B$4-Inputs!$B$19)*((Inputs!$B$4*Inputs!$B$12/Inputs!$B$15)*((1+$A6)^-(Inputs!$B$11/12+1/Inputs!$B$15)+(1+$A6)^-(Inputs!$B$11/12+2/Inputs!$B$15)+(1+$A6)^-(Inputs!$B$11/12+3/Inputs!$B$15)+(1+$A6)^-(Inputs!$B$11/12+4/Inputs!$B$15))+Inputs!$B$4*(1+$A6)^-((Inputs!$B$11+Inputs!$B$13)/12))+Inputs!$B$19*(Inputs!$B$45*Inputs!$B$47*(1+$A6)^-10))/Inputs!$B$4 | C6: =(C$4*(Inputs!$B$4/(1+$A6)^(Inputs!$B$11/12))+(1-C$4-Inputs!$B$19)*((Inputs!$B$4*Inputs!$B$12/Inputs!$B$15)*((1+$A6)^-(Inputs!$B$11/12+1/Inputs!$B$15)+(1+$A6)^-(Inputs!$B$11/12+2/Inputs!$B$15)+(1+$A6)^-(Inputs!$B$11/12+3/Inputs!$B$15)+(1+$A6)^-(Inputs!$B$11/12+4/Inputs!$B$15))+Inputs!$B$4*(1+$A6)^-((Inputs!$B$11+Inputs!$B$13)/12))+Inputs!$B$19*(Inputs!$B$45*Inputs!$B$47*(1+$A6)^-10))/Inputs!$B$4 | D6: =(D$4*(Inputs!$B$4/(1+$A6)^(Inputs!$B$11/12))+(1-D$4-Inputs!$B$19)*((Inputs!$B$4*Inputs!$B$12/Inputs!$B$15)*((1+$A6)^-(Inputs!$B$11/12+1/Inputs!$B$15)+(1+$A6)^-(Inputs!$B$11/12+2/Inputs!$B$15)+(1+$A6)^-(Inputs!$B$11/12+3/Inputs!$B$15)+(1+$A6)^-(Inputs!$B$11/12+4/Inputs!$B$15))+Inputs!$B$4*(1+$A6)^-((Inputs!$B$11+Inputs!$B$13)/12))+Inputs!$B$19*(Inputs!$B$45*Inputs!$B$47*(1+$A6)^-10))/Inputs!$B$4 | E6: =(E$4*(Inputs!$B$4/(1+$A6)^(Inputs!$B$11/12))+(1-E$4-Inputs!$B$19)*((Inputs!$B$4*Inputs!$B$12/Inputs!$B$15)*((1+$A6)^-(Inputs!$B$11/12+1/Inputs!$B$15)+(1+$A6)^-(Inputs!$B$11/12+2/Inputs!$B$15)+(1+$A6)^-(Inputs!$B$11/12+3/Inputs!$B$15)+(1+$A6)^-(Inputs!$B$11/12+4/Inputs!$B$15))+Inputs!$B$4*(1+$A6)^-((Inputs!$B$11+Inputs!$B$13)/12))+Inputs!$B$19*(Inputs!$B$45*Inputs!$B$47*(1+$A6)^-10))/Inputs!$B$4 | F6: =(F$4*(Inputs!$B$4/(1+$A6)^(Inputs!$B$11/12))+(1-F$4-Inputs!$B$19)*((Inputs!$B$4*Inputs!$B$12/Inputs!$B$15)*((1+$A6)^-(Inputs!$B$11/12+1/Inputs!$B$15)+(1+$A6)^-(Inputs!$B$11/12+2/Inputs!$B$15)+(1+$A6)^-(Inputs!$B$11/12+3/Inputs!$B$15)+(1+$A6)^-(Inputs!$B$11/12+4/Inputs!$B$15))+Inputs!$B$4*(1+$A6)^-((Inputs!$B$11+Inputs!$B$13)/12))+Inputs!$B$19*(Inputs!$B$45*Inputs!$B$47*(1+$A6)^-10))/Inputs!$B$4
A7: 0.08 | B7: =(B$4*(Inputs!$B$4/(1+$A7)^(Inputs!$B$11/12))+(1-B$4-Inputs!$B$19)*((Inputs!$B$4*Inputs!$B$12/Inputs!$B$15)*((1+$A7)^-(Inputs!$B$11/12+1/Inputs!$B$15)+(1+$A7)^-(Inputs!$B$11/12+2/Inputs!$B$15)+(1+$A7)^-(Inputs!$B$11/12+3/Inputs!$B$15)+(1+$A7)^-(Inputs!$B$11/12+4/Inputs!$B$15))+Inputs!$B$4*(1+$A7)^-((Inputs!$B$11+Inputs!$B$13)/12))+Inputs!$B$19*(Inputs!$B$45*Inputs!$B$47*(1+$A7)^-10))/Inputs!$B$4 | C7: =(C$4*(Inputs!$B$4/(1+$A7)^(Inputs!$B$11/12))+(1-C$4-Inputs!$B$19)*((Inputs!$B$4*Inputs!$B$12/Inputs!$B$15)*((1+$A7)^-(Inputs!$B$11/12+1/Inputs!$B$15)+(1+$A7)^-(Inputs!$B$11/12+2/Inputs!$B$15)+(1+$A7)^-(Inputs!$B$11/12+3/Inputs!$B$15)+(1+$A7)^-(Inputs!$B$11/12+4/Inputs!$B$15))+Inputs!$B$4*(1+$A7)^-((Inputs!$B$11+Inputs!$B$13)/12))+Inputs!$B$19*(Inputs!$B$45*Inputs!$B$47*(1+$A7)^-10))/Inputs!$B$4 | D7: =(D$4*(Inputs!$B$4/(1+$A7)^(Inputs!$B$11/12))+(1-D$4-Inputs!$B$19)*((Inputs!$B$4*Inputs!$B$12/Inputs!$B$15)*((1+$A7)^-(Inputs!$B$11/12+1/Inputs!$B$15)+(1+$A7)^-(Inputs!$B$11/12+2/Inputs!$B$15)+(1+$A7)^-(Inputs!$B$11/12+3/Inputs!$B$15)+(1+$A7)^-(Inputs!$B$11/12+4/Inputs!$B$15))+Inputs!$B$4*(1+$A7)^-((Inputs!$B$11+Inputs!$B$13)/12))+Inputs!$B$19*(Inputs!$B$45*Inputs!$B$47*(1+$A7)^-10))/Inputs!$B$4 | E7: =(E$4*(Inputs!$B$4/(1+$A7)^(Inputs!$B$11/12))+(1-E$4-Inputs!$B$19)*((Inputs!$B$4*Inputs!$B$12/Inputs!$B$15)*((1+$A7)^-(Inputs!$B$11/12+1/Inputs!$B$15)+(1+$A7)^-(Inputs!$B$11/12+2/Inputs!$B$15)+(1+$A7)^-(Inputs!$B$11/12+3/Inputs!$B$15)+(1+$A7)^-(Inputs!$B$11/12+4/Inputs!$B$15))+Inputs!$B$4*(1+$A7)^-((Inputs!$B$11+Inputs!$B$13)/12))+Inputs!$B$19*(Inputs!$B$45*Inputs!$B$47*(1+$A7)^-10))/Inputs!$B$4 | F7: =(F$4*(Inputs!$B$4/(1+$A7)^(Inputs!$B$11/12))+(1-F$4-Inputs!$B$19)*((Inputs!$B$4*Inputs!$B$12/Inputs!$B$15)*((1+$A7)^-(Inputs!$B$11/12+1/Inputs!$B$15)+(1+$A7)^-(Inputs!$B$11/12+2/Inputs!$B$15)+(1+$A7)^-(Inputs!$B$11/12+3/Inputs!$B$15)+(1+$A7)^-(Inputs!$B$11/12+4/Inputs!$B$15))+Inputs!$B$4*(1+$A7)^-((Inputs!$B$11+Inputs!$B$13)/12))+Inputs!$B$19*(Inputs!$B$45*Inputs!$B$47*(1+$A7)^-10))/Inputs!$B$4
A8: 0.09 | B8: =(B$4*(Inputs!$B$4/(1+$A8)^(Inputs!$B$11/12))+(1-B$4-Inputs!$B$19)*((Inputs!$B$4*Inputs!$B$12/Inputs!$B$15)*((1+$A8)^-(Inputs!$B$11/12+1/Inputs!$B$15)+(1+$A8)^-(Inputs!$B$11/12+2/Inputs!$B$15)+(1+$A8)^-(Inputs!$B$11/12+3/Inputs!$B$15)+(1+$A8)^-(Inputs!$B$11/12+4/Inputs!$B$15))+Inputs!$B$4*(1+$A8)^-((Inputs!$B$11+Inputs!$B$13)/12))+Inputs!$B$19*(Inputs!$B$45*Inputs!$B$47*(1+$A8)^-10))/Inputs!$B$4 | C8: =(C$4*(Inputs!$B$4/(1+$A8)^(Inputs!$B$11/12))+(1-C$4-Inputs!$B$19)*((Inputs!$B$4*Inputs!$B$12/Inputs!$B$15)*((1+$A8)^-(Inputs!$B$11/12+1/Inputs!$B$15)+(1+$A8)^-(Inputs!$B$11/12+2/Inputs!$B$15)+(1+$A8)^-(Inputs!$B$11/12+3/Inputs!$B$15)+(1+$A8)^-(Inputs!$B$11/12+4/Inputs!$B$15))+Inputs!$B$4*(1+$A8)^-((Inputs!$B$11+Inputs!$B$13)/12))+Inputs!$B$19*(Inputs!$B$45*Inputs!$B$47*(1+$A8)^-10))/Inputs!$B$4 | D8: =(D$4*(Inputs!$B$4/(1+$A8)^(Inputs!$B$11/12))+(1-D$4-Inputs!$B$19)*((Inputs!$B$4*Inputs!$B$12/Inputs!$B$15)*((1+$A8)^-(Inputs!$B$11/12+1/Inputs!$B$15)+(1+$A8)^-(Inputs!$B$11/12+2/Inputs!$B$15)+(1+$A8)^-(Inputs!$B$11/12+3/Inputs!$B$15)+(1+$A8)^-(Inputs!$B$11/12+4/Inputs!$B$15))+Inputs!$B$4*(1+$A8)^-((Inputs!$B$11+Inputs!$B$13)/12))+Inputs!$B$19*(Inputs!$B$45*Inputs!$B$47*(1+$A8)^-10))/Inputs!$B$4 | E8: =(E$4*(Inputs!$B$4/(1+$A8)^(Inputs!$B$11/12))+(1-E$4-Inputs!$B$19)*((Inputs!$B$4*Inputs!$B$12/Inputs!$B$15)*((1+$A8)^-(Inputs!$B$11/12+1/Inputs!$B$15)+(1+$A8)^-(Inputs!$B$11/12+2/Inputs!$B$15)+(1+$A8)^-(Inputs!$B$11/12+3/Inputs!$B$15)+(1+$A8)^-(Inputs!$B$11/12+4/Inputs!$B$15))+Inputs!$B$4*(1+$A8)^-((Inputs!$B$11+Inputs!$B$13)/12))+Inputs!$B$19*(Inputs!$B$45*Inputs!$B$47*(1+$A8)^-10))/Inputs!$B$4 | F8: =(F$4*(Inputs!$B$4/(1+$A8)^(Inputs!$B$11/12))+(1-F$4-Inputs!$B$19)*((Inputs!$B$4*Inputs!$B$12/Inputs!$B$15)*((1+$A8)^-(Inputs!$B$11/12+1/Inputs!$B$15)+(1+$A8)^-(Inputs!$B$11/12+2/Inputs!$B$15)+(1+$A8)^-(Inputs!$B$11/12+3/Inputs!$B$15)+(1+$A8)^-(Inputs!$B$11/12+4/Inputs!$B$15))+Inputs!$B$4*(1+$A8)^-((Inputs!$B$11+Inputs!$B$13)/12))+Inputs!$B$19*(Inputs!$B$45*Inputs!$B$47*(1+$A8)^-10))/Inputs!$B$4
A9: 0.1 | B9: =(B$4*(Inputs!$B$4/(1+$A9)^(Inputs!$B$11/12))+(1-B$4-Inputs!$B$19)*((Inputs!$B$4*Inputs!$B$12/Inputs!$B$15)*((1+$A9)^-(Inputs!$B$11/12+1/Inputs!$B$15)+(1+$A9)^-(Inputs!$B$11/12+2/Inputs!$B$15)+(1+$A9)^-(Inputs!$B$11/12+3/Inputs!$B$15)+(1+$A9)^-(Inputs!$B$11/12+4/Inputs!$B$15))+Inputs!$B$4*(1+$A9)^-((Inputs!$B$11+Inputs!$B$13)/12))+Inputs!$B$19*(Inputs!$B$45*Inputs!$B$47*(1+$A9)^-10))/Inputs!$B$4 | C9: =(C$4*(Inputs!$B$4/(1+$A9)^(Inputs!$B$11/12))+(1-C$4-Inputs!$B$19)*((Inputs!$B$4*Inputs!$B$12/Inputs!$B$15)*((1+$A9)^-(Inputs!$B$11/12+1/Inputs!$B$15)+(1+$A9)^-(Inputs!$B$11/12+2/Inputs!$B$15)+(1+$A9)^-(Inputs!$B$11/12+3/Inputs!$B$15)+(1+$A9)^-(Inputs!$B$11/12+4/Inputs!$B$15))+Inputs!$B$4*(1+$A9)^-((Inputs!$B$11+Inputs!$B$13)/12))+Inputs!$B$19*(Inputs!$B$45*Inputs!$B$47*(1+$A9)^-10))/Inputs!$B$4 | D9: =(D$4*(Inputs!$B$4/(1+$A9)^(Inputs!$B$11/12))+(1-D$4-Inputs!$B$19)*((Inputs!$B$4*Inputs!$B$12/Inputs!$B$15)*((1+$A9)^-(Inputs!$B$11/12+1/Inputs!$B$15)+(1+$A9)^-(Inputs!$B$11/12+2/Inputs!$B$15)+(1+$A9)^-(Inputs!$B$11/12+3/Inputs!$B$15)+(1+$A9)^-(Inputs!$B$11/12+4/Inputs!$B$15))+Inputs!$B$4*(1+$A9)^-((Inputs!$B$11+Inputs!$B$13)/12))+Inputs!$B$19*(Inputs!$B$45*Inputs!$B$47*(1+$A9)^-10))/Inputs!$B$4 | E9: =(E$4*(Inputs!$B$4/(1+$A9)^(Inputs!$B$11/12))+(1-E$4-Inputs!$B$19)*((Inputs!$B$4*Inputs!$B$12/Inputs!$B$15)*((1+$A9)^-(Inputs!$B$11/12+1/Inputs!$B$15)+(1+$A9)^-(Inputs!$B$11/12+2/Inputs!$B$15)+(1+$A9)^-(Inputs!$B$11/12+3/Inputs!$B$15)+(1+$A9)^-(Inputs!$B$11/12+4/Inputs!$B$15))+Inputs!$B$4*(1+$A9)^-((Inputs!$B$11+Inputs!$B$13)/12))+Inputs!$B$19*(Inputs!$B$45*Inputs!$B$47*(1+$A9)^-10))/Inputs!$B$4 | F9: =(F$4*(Inputs!$B$4/(1+$A9)^(Inputs!$B$11/12))+(1-F$4-Inputs!$B$19)*((Inputs!$B$4*Inputs!$B$12/Inputs!$B$15)*((1+$A9)^-(Inputs!$B$11/12+1/Inputs!$B$15)+(1+$A9)^-(Inputs!$B$11/12+2/Inputs!$B$15)+(1+$A9)^-(Inputs!$B$11/12+3/Inputs!$B$15)+(1+$A9)^-(Inputs!$B$11/12+4/Inputs!$B$15))+Inputs!$B$4*(1+$A9)^-((Inputs!$B$11+Inputs!$B$13)/12))+Inputs!$B$19*(Inputs!$B$45*Inputs!$B$47*(1+$A9)^-10))/Inputs!$B$4
A10: 0.12 | B10: =(B$4*(Inputs!$B$4/(1+$A10)^(Inputs!$B$11/12))+(1-B$4-Inputs!$B$19)*((Inputs!$B$4*Inputs!$B$12/Inputs!$B$15)*((1+$A10)^-(Inputs!$B$11/12+1/Inputs!$B$15)+(1+$A10)^-(Inputs!$B$11/12+2/Inputs!$B$15)+(1+$A10)^-(Inputs!$B$11/12+3/Inputs!$B$15)+(1+$A10)^-(Inputs!$B$11/12+4/Inputs!$B$15))+Inputs!$B$4*(1+$A10)^-((Inputs!$B$11+Inputs!$B$13)/12))+Inputs!$B$19*(Inputs!$B$45*Inputs!$B$47*(1+$A10)^-10))/Inputs!$B$4 | C10: =(C$4*(Inputs!$B$4/(1+$A10)^(Inputs!$B$11/12))+(1-C$4-Inputs!$B$19)*((Inputs!$B$4*Inputs!$B$12/Inputs!$B$15)*((1+$A10)^-(Inputs!$B$11/12+1/Inputs!$B$15)+(1+$A10)^-(Inputs!$B$11/12+2/Inputs!$B$15)+(1+$A10)^-(Inputs!$B$11/12+3/Inputs!$B$15)+(1+$A10)^-(Inputs!$B$11/12+4/Inputs!$B$15))+Inputs!$B$4*(1+$A10)^-((Inputs!$B$11+Inputs!$B$13)/12))+Inputs!$B$19*(Inputs!$B$45*Inputs!$B$47*(1+$A10)^-10))/Inputs!$B$4 | D10: =(D$4*(Inputs!$B$4/(1+$A10)^(Inputs!$B$11/12))+(1-D$4-Inputs!$B$19)*((Inputs!$B$4*Inputs!$B$12/Inputs!$B$15)*((1+$A10)^-(Inputs!$B$11/12+1/Inputs!$B$15)+(1+$A10)^-(Inputs!$B$11/12+2/Inputs!$B$15)+(1+$A10)^-(Inputs!$B$11/12+3/Inputs!$B$15)+(1+$A10)^-(Inputs!$B$11/12+4/Inputs!$B$15))+Inputs!$B$4*(1+$A10)^-((Inputs!$B$11+Inputs!$B$13)/12))+Inputs!$B$19*(Inputs!$B$45*Inputs!$B$47*(1+$A10)^-10))/Inputs!$B$4 | E10: =(E$4*(Inputs!$B$4/(1+$A10)^(Inputs!$B$11/12))+(1-E$4-Inputs!$B$19)*((Inputs!$B$4*Inputs!$B$12/Inputs!$B$15)*((1+$A10)^-(Inputs!$B$11/12+1/Inputs!$B$15)+(1+$A10)^-(Inputs!$B$11/12+2/Inputs!$B$15)+(1+$A10)^-(Inputs!$B$11/12+3/Inputs!$B$15)+(1+$A10)^-(Inputs!$B$11/12+4/Inputs!$B$15))+Inputs!$B$4*(1+$A10)^-((Inputs!$B$11+Inputs!$B$13)/12))+Inputs!$B$19*(Inputs!$B$45*Inputs!$B$47*(1+$A10)^-10))/Inputs!$B$4 | F10: =(F$4*(Inputs!$B$4/(1+$A10)^(Inputs!$B$11/12))+(1-F$4-Inputs!$B$19)*((Inputs!$B$4*Inputs!$B$12/Inputs!$B$15)*((1+$A10)^-(Inputs!$B$11/12+1/Inputs!$B$15)+(1+$A10)^-(Inputs!$B$11/12+2/Inputs!$B$15)+(1+$A10)^-(Inputs!$B$11/12+3/Inputs!$B$15)+(1+$A10)^-(Inputs!$B$11/12+4/Inputs!$B$15))+Inputs!$B$4*(1+$A10)^-((Inputs!$B$11+Inputs!$B$13)/12))+Inputs!$B$19*(Inputs!$B$45*Inputs!$B$47*(1+$A10)^-10))/Inputs!$B$4
A12: * 민감도 B 수식은 확정배당 4회(24개월÷6개월) 전제. Inputs!B13/B15 변경 시 CF 시트가 기준이며 본 표는 참고용
A14: 기존 조건 (2년 무배당) 발행가 대비
A15: 0.06 | B15: =1/(1+A15)^(Inputs!$B$11/12)
A16: 0.07 | B16: =1/(1+A16)^(Inputs!$B$11/12)
A17: 0.08 | B17: =1/(1+A17)^(Inputs!$B$11/12)
A18: 0.09 | B18: =1/(1+A18)^(Inputs!$B$11/12)
A19: 0.1 | B19: =1/(1+A19)^(Inputs!$B$11/12)
A20: 0.12 | B20: =1/(1+A20)^(Inputs!$B$11/12)

Sheet Model_Ref
A1: 기준 재무모델 참조 셀 (인용 원천)
A2: 파일: 04_Equity투자자/models/20260915_재무모델_Financial_Modeling_인가ver_v02.xlsm (PROJECT.md 기준 재무모델). 값은 2026-09-18 판독 시점 기준
A4: 항목 | B4: 값 | C4: 셀 | D4: 비고
A5: 3종 우선주 조달일 / 반환일 | B5: 2026-10-31 / 2028-10-31 | C5: A&R M43 / N43 | D5: 조달기간 24개월 (O43)
A6: 3종 조달금액 | B6: 10,000,000 천원 | C6: A&R P43 / Q43 | D6: = 10,000백만원
A7: 3종 지분비율 | B7: 10.12% | C7: A&R R43 | D7: = 10,000 / 98,800
A8: 3종 확정배당 / C.G배분 / 인수수수료 | B8: 0% / 0% / 0% | C8: A&R S43 / T43 / U43 | D8: 무배당·무의결권
A9: 3종 발행가 / 액면가 / 주식수 | B9: 25,000원 / 1,000원 / 400,000주 | C9: A&R P93 / Q93 / R93 | D9: 주식발행계획 (L89:U95)
A10: 보통주 발행가 / 액면가 / 주식수 | B10: 5,000원 / 1,000원 / 2,960,000주 | C10: A&R P94 / Q94 / R94 | D10: 보통주 의결권비율 60.16% (U94)
A11: 총 납입자본 / 총 주식수 | B11: 98,800백만원 / 6,320,000주 | C11: IM W51 / A&R R95 | D11: 무의결권주식수 1,400,000 (R99, 22.15%)
A12: 3종 IM 탭 스케줄 | B12: FY1~4 투자잔액 10,000, 배당 0, FY5~ 0 | C12: IM C79:G99 | D12: CoC 0% / IRR 0% / E.M 0.00x (IM C101:C103)
A13: 보통주 운영배당 | B13: FY1 555 / FY2 555 / FY3~20 0 | C13: IM K79:K98 | D13: 초기 1년 연 7.5% 확정 (IM T62 잔여배당)
A14: 보통주 C.G (FY20) | B14: 48,460.43백만원 | C14: IM L98 | D14: = 매각차익 60,575.53 × 80% (IM S98·U62)
A15: 보통주 IRR / E.Multiple | B15: 16.44% / 4.35x | C15: IM J102 / J103 | D15: E.M = (1,110 + 48,460 + 14,800) / 14,800
... A19: Sell-down 탭 | B19: 3종 미포함 | C19: Sell-down L62 블록 | D19: 1종·2종·보통주·통합만 산출 — 3종은 KLI 매입 대상 아님

Sheet Notes
A1: 전제·한계 및 외부 회계법인 의뢰 시 스코프
B3: ■ 평가 방법
B4: 1. 3종 종류주식은 확정된 현금흐름(원금 감자·확정배당)과 조건부 전환권을 가진 '우선주형 금융상품'이므로, 보유자(LF) 관점의 시나리오별 현금흐름을 요구수익률로 할인한 기대가치(expected PV)로 산정. 상증세법 보충적 평가(순손익·순자산 가중)는 회사 전체 주식 가치이며 종류주식 간 청산우선순위·배당순위를 반영하지 못해 참고치로만 제시.
B5: 2. 시나리오: A 24개월 내 감자(기존 계획) / B 25~48개월 연 8.0% 3순위 확정배당 후 48개월 말 감자 / C 48개월 후 보통주 전환, FY20 매각 시 지분율만큼 회수. 확률(70/20/10%)은 [가정]이며 Sensitivity 시트에서 조정.
B6: 3. 할인율 8.0%는 변경안의 확정배당률과 같게 두었으며, 1종 7.0%·2종 7.5%(IRR 9.24%)·보통주 16.44%의 중간 순위임을 감안한 개략치. 실제 회계법인 평가에서는 유사 리츠 우선주 발행사례·신용스프레드로 산정.
B7: 4. 시나리오 C 보통주 풀 회수액 = 보통주 C.G 48,460 + 보통주 원금 14,800 + 미감자 3종 원금 10,000. 3종 미감자에 따른 리파이 규모 축소·이자 절감 효과, FY9~19 잔여배당 발생 가능성은 무시(보수적).
B8: 5. 전환비율은 미정 조건이므로 ①발행가액 기준(1:5) ②1:1 ③FY8 공정가치 기준을 병렬 제시. ①은 KLI 희석이 크고(보통주 지분 59.7%) ②는 LF에 징벌적이며 ③이 경제적으로 중립.
B10: ■ 핵심 시사점
B11: 6. 2년 무배당·원금 감자 구조는 양(+)의 할인율에서는 항상 발행가 미만으로 평가됨(8% 기준 85.7%). 변경안은 감자 지연 시의 '보호장치'이지 기본 시나리오의 '보상'이 아니므로 기대가치가 발행가에 미달(약 91%)하는 구조는 유지됨. 정상가격 정합을 위해서는 Summary C표의 감자 프리미엄(16.64%) 또는 초기부터의 누적확정배당(연 8.3% 단리 상당)이 필요.
B12: 7. 따라서 외부 평가보고서는 현 조건에서 '발행가 > 정상가격'을 문서화할 가능성이 높음. 평가보고서를 부당지원행위 리스크 헷지 수단으로 쓰려면 (i) 조건 자체를 정상가격에 정합시키거나 (ii) LF의 비현금적 사업상 이익(거래 신속 종결에 따른 PFV 투자금 회수, 청산 지연 비용 회피 등)을 별도 '투자 타당성 검토'로 계량화해야 함 (법률의견 p.11~12).
B14: ■ 외부 회계법인 의뢰 시 스코프 제안
B15: 8. (a) 평가 대상: 3종 종류주식(조건변경안 반영) — 종류주식별 평가, 청산·배당 우선순위 반영 / (b) 평가 기준일: 주금납입일(2026-10-31) 및 감자 예정일(2028-10-31) 2개 시점 — 세법상 부당행위계산부인(불균등 감자 시 시가)에도 대응 / (c) 방법: 시나리오 DCF + 상증세법 보충적 평가 병기 / (d) 별도 산출물: LF 관점 투자 대안 비교(기회비용 분석) 메모 — 법률의견이 요구하는 '외부 자문사 보고서'에 해당.
B17: ■ 출처
... B19: 10. 본 파일은 내부 검토용 개략 산정이며 외부 회계법인의 주식가치평가보고서 및 법무법인 확인을 대체하지 않음. 수익 확약성 표현 없음.
