Workbook

Sheet 0_안내
B1: 렌트롤(Rent Roll) 작성 실습 — 강의용 Clean 양식
B2: 모든 임차인·면적·금액·일자는 가상의 예시값입니다. 특정 자산·거래·당사자와 무관합니다.
B4: 1. 시트 구성
B5: 1_RentRoll_예시 | C5: 가상 물류센터의 작성 예시. 노란 칸(입력)과 연두 칸(수식)으로 구분
B6: 2_요약 | C6: 임대율, WALE, 임차인 비중, 만기 스케줄, 보증금 담보 구분 — 1번 시트를 수식으로 집계
B7: 3_실습_빈양식 | C7: 수식이 미리 들어 있는 빈 렌트롤. 입력값만 채우면 계산이 자동으로 됨
B8: 4_실습_오류찾기 | C8: 오류가 일부러 섞인 렌트롤. 검증 열을 직접 만들어 오류를 찾는 실습
B10: 2. 작성 규칙
B11: 단위 | C11: 면적 ㎡(평 병기, 평 = ㎡ × 0.3025), 금액 원, 비율 %. 원본 단위가 다르면 비고에 적는다
B12: 한 행 = 한 계약 구획 | C12: 같은 임차인이 여러 층을 쓰면 층·구획별로 행을 나눈다(만기·조건이 다를 수 있음)
B13: 공실 | C13: 임차인 칸에 '공실'로 적고 면적만 입력한다(임대율 계산에 필요)
B14: 기준일 | C14: 잔여기간·WALE는 기준일(통상 거래종결일 또는 평가일)을 기준으로 계산한다
B15: 출처 | C15: 실무에서는 각 행에 근거 계약서(변경합의 포함)와 페이지를 기록한다
B17: 3. 주요 산식
B18: 임대율 | C18: 임대면적 합계 ÷ 임대가능면적 (Rent-Free 구간 포함 여부를 명시)
B19: WALE(임대료 기준) | C19: Σ(잔여기간 × 연 임대료) ÷ Σ연 임대료
B20: WALE(면적 기준) | C20: Σ(잔여기간 × 임대면적) ÷ Σ임대면적(공실 제외)
B21: 보증금 배수 | C21: 보증금 총액 ÷ 월 임대료 (몇 개월분인지)
B22: Effective Rent | C22: (월 임대료 × (12 − 연간 Rent-Free 개월) ÷ 12) + 월 관리비
B24: 4. 실습 과제
B25: 과제 1 | C25: 2_요약 시트에서 기준일을 1년 뒤로 바꾸면 WALE가 얼마나 줄어드는지 확인하라
B26: 과제 2 | C26: 만기 스케줄에서 특정 연도에 만기가 몰려 있는지 찾고, 재계약 리스크를 한 문장으로 적어라
B27: 과제 3 | C27: 앵커 임차인(최대 비중) 이탈 시 임대율과 연 임대료 감소분을 계산하라
B28: 과제 4 | C28: 4_실습_오류찾기 시트에서 오류 4건을 찾고, 어떤 검증식으로 찾았는지 적어라
B29: 과제 5 | C29: 보증금 담보 구분(우선수익권·예금질권·없음)별 금액을 집계하고, 매수인·대주 관점의 의미를 설명하라
B31: 5. 강사용 정답 — 오류찾기 시트 (배포 시 이 표는 지울 것)
B32: 오류 ① | C32: No 3: 계약 만기일이 개시일보다 앞섬 → 검증식 =만기일<개시일
B33: 오류 ② | C33: No 6: 월 임대료 3,100원/평(0 하나 누락, 다른 행은 3만원대) → 평균 대비 ±50% 벗어남
B34: 오류 ③ | C34: No 8: 보증금 배수 0.6개월(다른 행 6~7개월) → 보증금 단위 입력 오류 의심
B35: 오류 ④ | C35: No 13: 3F-A 구획 중복 입력 → 임대면적 합계가 임대가능면적을 넘어 임대율이 100% 초과

Sheet 1_RentRoll_예시
A1: Rent Roll — 가상 물류센터 (작성 예시)
A3: 기준일 | C3: 46387 | E3: 임대가능면적(㎡) | G3: 28000 | I3: 노란 칸 = 입력값 / 연두 칸 = 수식(수정 금지) / 단위: 원, ㎡, 평(= ㎡ × 0.3025)
A5: No | B5: 층 | C5: 구획 | D5: 임차인 | E5: 업종 | F5: 용도 | G5: 임대면적 (㎡) | H5: 임대면적 (평) | I5: 계약 개시일 | J5: 계약 만기일 | K5: 잔여기간 (년) | L5: 보증금 (원/평) | M5: 보증금 총액 (원) | N5: 월 임대료 (원/평) | O5: 월 임대료 (원) | P5: 월 관리비 (원/평) | Q5: 월 관리비 (원) | R5: 연 임대료 (원) | S5: 보증금 배수 (월 임대료 대비) | T5: 인상률 (연) | U5: 인상주기 (개월) | V5: Rent-Free 잔여(개월) | W5: 보증금 담보 | X5: 비고
A6: 1 | B6: B1 | C6: A | D6: 임차인 A | E6: 3PL | F6: 상온창고 | G6: 4000 | H6: =IF(G6="","",ROUND(G6*0.3025,2)) | I6: 45717 | J6: 48273 | K6: =IF(J6="","",MAX(0,ROUND((J6-$C$3)/365,2))) | L6: 200000 | M6: =IF(H6="","",H6*L6) | N6: 30000 | O6: =IF(H6="","",H6*N6) | P6: 8000 | Q6: =IF(H6="","",H6*P6) | R6: =IF(O6="","",O6*12) | S6: =IF(OR(O6="",O6=0),"",ROUND(M6/O6,1)) | T6: 0.025 | U6: 12 | V6: 0 | W6: 우선수익권 | X6: 앵커 임차인
A7: 2 | B7: 1F | C7: A | D7: 임차인 B | E7: 유통 | F7: 상온창고 | G7: 3500 | H7: =IF(G7="","",ROUND(G7*0.3025,2)) | I7: 45474 | J7: 47299 | K7: =IF(J7="","",MAX(0,ROUND((J7-$C$3)/365,2))) | L7: 180000 | M7: =IF(H7="","",H7*L7) | N7: 32000 | O7: =IF(H7="","",H7*N7) | P7: 8000 | Q7: =IF(H7="","",H7*P7) | R7: =IF(O7="","",O7*12) | S7: =IF(OR(O7="",O7=0),"",ROUND(M7/O7,1)) | T7: 0.03 | U7: 12 | V7: 0 | W7: 예금질권
A8: 3 | B8: 1F | C8: B | D8: 임차인 C | E8: 식품 | F8: 저온창고 | G8: 1500 | H8: =IF(G8="","",ROUND(G8*0.3025,2)) | I8: 46023 | J8: 48213 | K8: =IF(J8="","",MAX(0,ROUND((J8-$C$3)/365,2))) | L8: 250000 | M8: =IF(H8="","",H8*L8) | N8: 45000 | O8: =IF(H8="","",H8*N8) | P8: 12000 | Q8: =IF(H8="","",H8*P8) | R8: =IF(O8="","",O8*12) | S8: =IF(OR(O8="",O8=0),"",ROUND(M8/O8,1)) | T8: 0.03 | U8: 12 | V8: 2 | W8: 예금질권 | X8: Rent-Free 잔여
A9: 4 | B9: 1F | C9: C | D9: 임차인 D | E9: 근린생활 | F9: 근생 | G9: 200 | H9: =IF(G9="","",ROUND(G9*0.3025,2)) | I9: 45778 | J9: 47603 | K9: =IF(J9="","",MAX(0,ROUND((J9-$C$3)/365,2))) | L9: 300000 | M9: =IF(H9="","",H9*L9) | N9: 50000 | O9: =IF(H9="","",H9*N9) | P9: 10000 | Q9: =IF(H9="","",H9*P9) | R9: =IF(O9="","",O9*12) | S9: =IF(OR(O9="",O9=0),"",ROUND(M9/O9,1)) | T9: 0.02 | U9: 12 | V9: 0 | W9: 없음
A10: 5 | B10: 2F | C10: 전체 | D10: 임차인 A | E10: 3PL | F10: 상온창고 | G10: 5000 | H10: =IF(G10="","",ROUND(G10*0.3025,2)) | I10: 45717 | J10: 48273 | K10: =IF(J10="","",MAX(0,ROUND((J10-$C$3)/365,2))) | L10: 200000 | M10: =IF(H10="","",H10*L10) | N10: 30000 | O10: =IF(H10="","",H10*N10) | P10: 8000 | Q10: =IF(H10="","",H10*P10) | R10: =IF(O10="","",O10*12) | S10: =IF(OR(O10="",O10=0),"",ROUND(M10/O10,1)) | T10: 0.025 | U10: 12 | V10: 0 | W10: 우선수익권 | X10: 앵커 임차인
A11: 6 | B11: 3F | C11: A | D11: 임차인 E | E11: 이커머스 | F11: 상온창고 | G11: 3000 | H11: =IF(G11="","",ROUND(G11*0.3025,2)) | I11: 45200 | J11: 47026 | K11: =IF(J11="","",MAX(0,ROUND((J11-$C$3)/365,2))) | L11: 190000 | M11: =IF(H11="","",H11*L11) | N11: 31000 | O11: =IF(H11="","",H11*N11) | P11: 8000 | Q11: =IF(H11="","",H11*P11) | R11: =IF(O11="","",O11*12) | S11: =IF(OR(O11="",O11=0),"",ROUND(M11/O11,1)) | T11: 0.03 | U11: 12 | V11: 0 | W11: 예금질권
A12: 7 | B12: 3F | C12: B | D12: 공실 | F12: 상온창고 | G12: 1000 | H12: =IF(G12="","",ROUND(G12*0.3025,2)) | K12: =IF(J12="","",MAX(0,ROUND((J12-$C$3)/365,2))) | L12: 0 | M12: =IF(H12="","",H12*L12) | N12: 0 | O12: =IF(H12="","",H12*N12) | P12: 0 | Q12: =IF(H12="","",H12*P12) | R12: =IF(O12="","",O12*12) | S12: =IF(OR(O12="",O12=0),"",ROUND(M12/O12,1)) | T12: 0 | U12: 0 | V12: 0 | X12: 임대 마케팅 중
A13: 8 | B13: 4F | C13: 전체 | D13: 임차인 F | E13: 제조 | F13: 상온창고 | G13: 4500 | H13: =IF(G13="","",ROUND(G13*0.3025,2)) | I13: 45292 | J13: 46752 | K13: =IF(J13="","",MAX(0,ROUND((J13-$C$3)/365,2))) | L13: 180000 | M13: =IF(H13="","",H13*L13) | N13: 29000 | O13: =IF(H13="","",H13*N13) | P13: 8000 | Q13: =IF(H13="","",H13*P13) | R13: =IF(O13="","",O13*12) | S13: =IF(OR(O13="",O13=0),"",ROUND(M13/O13,1)) | T13: 0.02 | U13: 12 | V13: 0 | W13: 예금질권 | X13: 만기 1년 이내
A14: 9 | B14: 5F | C14: A | D14: 임차인 G | E14: 3PL | F14: 상온창고 | G14: 2800 | H14: =IF(G14="","",ROUND(G14*0.3025,2)) | I14: 45901 | J14: 47726 | K14: =IF(J14="","",MAX(0,ROUND((J14-$C$3)/365,2))) | L14: 200000 | M14: =IF(H14="","",H14*L14) | N14: 33000 | O14: =IF(H14="","",H14*N14) | P14: 8000 | Q14: =IF(H14="","",H14*P14) | R14: =IF(O14="","",O14*12) | S14: =IF(OR(O14="",O14=0),"",ROUND(M14/O14,1)) | T14: 0.03 | U14: 12 | V14: 0 | W14: 예금질권
A15: 10 | B15: 5F | C15: B | D15: 임차인 H | E15: 물류 | F15: 상온창고 | G15: 1500 | H15: =IF(G15="","",ROUND(G15*0.3025,2)) | I15: 46113 | J15: 47208 | K15: =IF(J15="","",MAX(0,ROUND((J15-$C$3)/365,2))) | L15: 200000 | M15: =IF(H15="","",H15*L15) | N15: 34000 | O15: =IF(H15="","",H15*N15) | P15: 8000 | Q15: =IF(H15="","",H15*P15) | R15: =IF(O15="","",O15*12) | S15: =IF(OR(O15="",O15=0),"",ROUND(M15/O15,1)) | T15: 0.03 | U15: 12 | V15: 1 | W15: 예금질권 | X15: Rent-Free 잔여
A16: 11 | B16: 6F | C16: A | D16: 임차인 A | E16: 3PL | F16: 사무 | G16: 800 | H16: =IF(G16="","",ROUND(G16*0.3025,2)) | I16: 45717 | J16: 48273 | K16: =IF(J16="","",MAX(0,ROUND((J16-$C$3)/365,2))) | L16: 200000 | M16: =IF(H16="","",H16*L16) | N16: 30000 | O16: =IF(H16="","",H16*N16) | P16: 8000 | Q16: =IF(H16="","",H16*P16) | R16: =IF(O16="","",O16*12) | S16: =IF(OR(O16="",O16=0),"",ROUND(M16/O16,1)) | T16: 0.025 | U16: 12 | V16: 0 | W16: 우선수익권 | X16: 앵커 임차인
A17: 12 | B17: 6F | C17: B | D17: 공실 | F17: 사무 | G17: 200 | H17: =IF(G17="","",ROUND(G17*0.3025,2)) | K17: =IF(J17="","",MAX(0,ROUND((J17-$C$3)/365,2))) | L17: 0 | M17: =IF(H17="","",H17*L17) | N17: 0 | O17: =IF(H17="","",H17*N17) | P17: 0 | Q17: =IF(H17="","",H17*P17) | R17: =IF(O17="","",O17*12) | S17: =IF(OR(O17="",O17=0),"",ROUND(M17/O17,1)) | T17: 0 | U17: 0 | V17: 0
A18: 합계 / 가중평균 | G18: =SUM(G6:G17) | H18: =SUM(H6:H17) | K18: =IFERROR(SUMPRODUCT(N(+K6:K17),N(+R6:R17))/SUM(R6:R17),"") | M18: =SUM(M6:M17) | O18: =SUM(O6:O17) | Q18: =SUM(Q6:Q17) | R18: =SUM(R6:R17) | S18: =IFERROR(ROUND(M18/O18,1),"")
A19: ※ 합계 행의 잔여기간 = 연 임대료 가중 WALE(년). 공실 행은 임대료가 0이라 가중치에서 빠진다.

Sheet 2_요약
B1: Rent Roll 요약 (1_RentRoll_예시 시트 집계)
B2: 모든 값은 수식으로 계산된다. 기준일은 1_RentRoll_예시!C3에서 바꾼다.
B4: ① 핵심 지표
B5: 기준일 | C5: ='1_RentRoll_예시'!C3
B6: 임대가능면적(㎡) | C6: ='1_RentRoll_예시'!G3
B7: 임대면적(㎡, 공실 제외) | C7: =SUMIFS('1_RentRoll_예시'!$G$6:$G$17,'1_RentRoll_예시'!$D$6:$D$17,"<>공실")
B8: 임대율 | C8: =C7/C6
B9: WALE — 임대료 기준(년) | C9: =SUMPRODUCT(N(+'1_RentRoll_예시'!$K$6:$K$17),N(+'1_RentRoll_예시'!$R$6:$R$17))/SUM('1_RentRoll_예시'!$R$6:$R$17)
B10: WALE — 면적 기준(년) | C10: =SUMPRODUCT(N(+'1_RentRoll_예시'!$K$6:$K$17),'1_RentRoll_예시'!$G$6:$G$17*('1_RentRoll_예시'!$D$6:$D$17<>"공실"))/C7
B11: 연 임대료 합계(원) | C11: =SUM('1_RentRoll_예시'!$R$6:$R$17)
B12: 보증금 합계(원) | C12: =SUM('1_RentRoll_예시'!$M$6:$M$17)
B13: 평균 월 임대료(원/평, 임대면적 가중) | C13: =SUM('1_RentRoll_예시'!$O$6:$O$17)/SUMIFS('1_RentRoll_예시'!$H$6:$H$17,'1_RentRoll_예시'!$D$6:$D$17,"<>공실")
B15: ② 임차인별 비중
B16: 임차인 | C16: 임대면적(㎡) | D16: 면적 비중 | E16: 연 임대료(원) | F16: 임대료 비중 | G16: 비고
B17: 임차인 A | C17: =SUMIFS('1_RentRoll_예시'!$G$6:$G$17,'1_RentRoll_예시'!$D$6:$D$17,B17) | D17: =C17/$C$7 | E17: =SUMIFS('1_RentRoll_예시'!$R$6:$R$17,'1_RentRoll_예시'!$D$6:$D$17,B17) | F17: =E17/$C$11 | G17: =IF(F17=MAX($F$17:$F$24),"최대 임차인(앵커)","")
B18: 임차인 B | C18: =SUMIFS('1_RentRoll_예시'!$G$6:$G$17,'1_RentRoll_예시'!$D$6:$D$17,B18) | D18: =C18/$C$7 | E18: =SUMIFS('1_RentRoll_예시'!$R$6:$R$17,'1_RentRoll_예시'!$D$6:$D$17,B18) | F18: =E18/$C$11 | G18: =IF(F18=MAX($F$17:$F$24),"최대 임차인(앵커)","")
B19: 임차인 C | C19: =SUMIFS('1_RentRoll_예시'!$G$6:$G$17,'1_RentRoll_예시'!$D$6:$D$17,B19) | D19: =C19/$C$7 | E19: =SUMIFS('1_RentRoll_예시'!$R$6:$R$17,'1_RentRoll_예시'!$D$6:$D$17,B19) | F19: =E19/$C$11 | G19: =IF(F19=MAX($F$17:$F$24),"최대 임차인(앵커)","")
B20: 임차인 D | C20: =SUMIFS('1_RentRoll_예시'!$G$6:$G$17,'1_RentRoll_예시'!$D$6:$D$17,B20) | D20: =C20/$C$7 | E20: =SUMIFS('1_RentRoll_예시'!$R$6:$R$17,'1_RentRoll_예시'!$D$6:$D$17,B20) | F20: =E20/$C$11 | G20: =IF(F20=MAX($F$17:$F$24),"최대 임차인(앵커)","")
B21: 임차인 E | C21: =SUMIFS('1_RentRoll_예시'!$G$6:$G$17,'1_RentRoll_예시'!$D$6:$D$17,B21) | D21: =C21/$C$7 | E21: =SUMIFS('1_RentRoll_예시'!$R$6:$R$17,'1_RentRoll_예시'!$D$6:$D$17,B21) | F21: =E21/$C$11 | G21: =IF(F21=MAX($F$17:$F$24),"최대 임차인(앵커)","")
B22: 임차인 F | C22: =SUMIFS('1_RentRoll_예시'!$G$6:$G$17,'1_RentRoll_예시'!$D$6:$D$17,B22) | D22: =C22/$C$7 | E22: =SUMIFS('1_RentRoll_예시'!$R$6:$R$17,'1_RentRoll_예시'!$D$6:$D$17,B22) | F22: =E22/$C$11 | G22: =IF(F22=MAX($F$17:$F$24),"최대 임차인(앵커)","")
B23: 임차인 G | C23: =SUMIFS('1_RentRoll_예시'!$G$6:$G$17,'1_RentRoll_예시'!$D$6:$D$17,B23) | D23: =C23/$C$7 | E23: =SUMIFS('1_RentRoll_예시'!$R$6:$R$17,'1_RentRoll_예시'!$D$6:$D$17,B23) | F23: =E23/$C$11 | G23: =IF(F23=MAX($F$17:$F$24),"최대 임차인(앵커)","")
B24: 임차인 H | C24: =SUMIFS('1_RentRoll_예시'!$G$6:$G$17,'1_RentRoll_예시'!$D$6:$D$17,B24) | D24: =C24/$C$7 | E24: =SUMIFS('1_RentRoll_예시'!$R$6:$R$17,'1_RentRoll_예시'!$D$6:$D$17,B24) | F24: =E24/$C$11 | G24: =IF(F24=MAX($F$17:$F$24),"최대 임차인(앵커)","")
B26: ③ 연도별 만기 스케줄
B27: 만기 연도 | C27: 만기 면적(㎡) | D27: 면적 비중 | E27: 만기 연 임대료(원) | F27: 임대료 비중 | G27: 누적 임대료 비중
B28: 2027 | C28: =SUMIFS('1_RentRoll_예시'!$G$6:$G$17,'1_RentRoll_예시'!$J$6:$J$17,">="&DATE(B28,1,1),'1_RentRoll_예시'!$J$6:$J$17,"<="&DATE(B28,12,31)) | D28: =C28/$C$7 | E28: =SUMIFS('1_RentRoll_예시'!$R$6:$R$17,'1_RentRoll_예시'!$J$6:$J$17,">="&DATE(B28,1,1),'1_RentRoll_예시'!$J$6:$J$17,"<="&DATE(B28,12,31)) | F28: =E28/$C$11 | G28: =SUM($F$28:F28)
B29: 2028 | C29: =SUMIFS('1_RentRoll_예시'!$G$6:$G$17,'1_RentRoll_예시'!$J$6:$J$17,">="&DATE(B29,1,1),'1_RentRoll_예시'!$J$6:$J$17,"<="&DATE(B29,12,31)) | D29: =C29/$C$7 | E29: =SUMIFS('1_RentRoll_예시'!$R$6:$R$17,'1_RentRoll_예시'!$J$6:$J$17,">="&DATE(B29,1,1),'1_RentRoll_예시'!$J$6:$J$17,"<="&DATE(B29,12,31)) | F29: =E29/$C$11 | G29: =SUM($F$28:F29)
B30: 2029 | C30: =SUMIFS('1_RentRoll_예시'!$G$6:$G$17,'1_RentRoll_예시'!$J$6:$J$17,">="&DATE(B30,1,1),'1_RentRoll_예시'!$J$6:$J$17,"<="&DATE(B30,12,31)) | D30: =C30/$C$7 | E30: =SUMIFS('1_RentRoll_예시'!$R$6:$R$17,'1_RentRoll_예시'!$J$6:$J$17,">="&DATE(B30,1,1),'1_RentRoll_예시'!$J$6:$J$17,"<="&DATE(B30,12,31)) | F30: =E30/$C$11 | G30: =SUM($F$28:F30)
B31: 2030 | C31: =SUMIFS('1_RentRoll_예시'!$G$6:$G$17,'1_RentRoll_예시'!$J$6:$J$17,">="&DATE(B31,1,1),'1_RentRoll_예시'!$J$6:$J$17,"<="&DATE(B31,12,31)) | D31: =C31/$C$7 | E31: =SUMIFS('1_RentRoll_예시'!$R$6:$R$17,'1_RentRoll_예시'!$J$6:$J$17,">="&DATE(B31,1,1),'1_RentRoll_예시'!$J$6:$J$17,"<="&DATE(B31,12,31)) | F31: =E31/$C$11 | G31: =SUM($F$28:F31)
B32: 2031 | C32: =SUMIFS('1_RentRoll_예시'!$G$6:$G$17,'1_RentRoll_예시'!$J$6:$J$17,">="&DATE(B32,1,1),'1_RentRoll_예시'!$J$6:$J$17,"<="&DATE(B32,12,31)) | D32: =C32/$C$7 | E32: =SUMIFS('1_RentRoll_예시'!$R$6:$R$17,'1_RentRoll_예시'!$J$6:$J$17,">="&DATE(B32,1,1),'1_RentRoll_예시'!$J$6:$J$17,"<="&DATE(B32,12,31)) | F32: =E32/$C$11 | G32: =SUM($F$28:F32)
B33: 2032 | C33: =SUMIFS('1_RentRoll_예시'!$G$6:$G$17,'1_RentRoll_예시'!$J$6:$J$17,">="&DATE(B33,1,1),'1_RentRoll_예시'!$J$6:$J$17,"<="&DATE(B33,12,31)) | D33: =C33/$C$7 | E33: =SUMIFS('1_RentRoll_예시'!$R$6:$R$17,'1_RentRoll_예시'!$J$6:$J$17,">="&DATE(B33,1,1),'1_RentRoll_예시'!$J$6:$J$17,"<="&DATE(B33,12,31)) | F33: =E33/$C$11 | G33: =SUM($F$28:F33)
B34: 2033 | C34: =SUMIFS('1_RentRoll_예시'!$G$6:$G$17,'1_RentRoll_예시'!$J$6:$J$17,">="&DATE(B34,1,1),'1_RentRoll_예시'!$J$6:$J$17,"<="&DATE(B34,12,31)) | D34: =C34/$C$7 | E34: =SUMIFS('1_RentRoll_예시'!$R$6:$R$17,'1_RentRoll_예시'!$J$6:$J$17,">="&DATE(B34,1,1),'1_RentRoll_예시'!$J$6:$J$17,"<="&DATE(B34,12,31)) | F34: =E34/$C$11 | G34: =SUM($F$28:F34)
B35: ※ 임대료 비중 30% 이상인 연도는 빨간색으로 표시(만기 집중 리스크).
B37: ④ 보증금 담보 구분
B38: 담보 구분 | C38: 건수 | D38: 보증금(원) | E38: 비중 | F38: 의미(예시)
B39: 우선수익권 | C39: =COUNTIFS('1_RentRoll_예시'!$W$6:$W$17,B39) | D39: =SUMIFS('1_RentRoll_예시'!$M$6:$M$17,'1_RentRoll_예시'!$W$6:$W$17,B39) | E39: =IFERROR(D39/$C$12,0) | F39: 담보신탁상 임차인이 대주보다 앞선 순위일 수 있음
B40: 예금질권 | C40: =COUNTIFS('1_RentRoll_예시'!$W$6:$W$17,B40) | D40: =SUMIFS('1_RentRoll_예시'!$M$6:$M$17,'1_RentRoll_예시'!$W$6:$W$17,B40) | E40: =IFERROR(D40/$C$12,0) | F40: 임대인 명의 예금계좌에 예치 후 임차인에게 질권 설정
B41: 보증보험 | C41: =COUNTIFS('1_RentRoll_예시'!$W$6:$W$17,B41) | D41: =SUMIFS('1_RentRoll_예시'!$M$6:$M$17,'1_RentRoll_예시'!$W$6:$W$17,B41) | E41: =IFERROR(D41/$C$12,0) | F41: 보증기관이 보증금 반환을 보증
B42: 없음 | C42: =COUNTIFS('1_RentRoll_예시'!$W$6:$W$17,B42) | D42: =SUMIFS('1_RentRoll_예시'!$M$6:$M$17,'1_RentRoll_예시'!$W$6:$W$17,B42) | E42: =IFERROR(D42/$C$12,0) | F42: 별도 담보 없음(일반채권)

Sheet 3_실습_빈양식
A1: Rent Roll — 실습용 빈 양식
A3: 기준일 | E3: 임대가능면적(㎡) | I3: 노란 칸에 계약서 기준으로 입력 / 연두 칸은 수식 / 기준일·임대가능면적(G3)을 먼저 입력
A5: No | B5: 층 | C5: 구획 | D5: 임차인 | E5: 업종 | F5: 용도 | G5: 임대면적 (㎡) | H5: 임대면적 (평) | I5: 계약 개시일 | J5: 계약 만기일 | K5: 잔여기간 (년) | L5: 보증금 (원/평) | M5: 보증금 총액 (원) | N5: 월 임대료 (원/평) | O5: 월 임대료 (원) | P5: 월 관리비 (원/평) | Q5: 월 관리비 (원) | R5: 연 임대료 (원) | S5: 보증금 배수 (월 임대료 대비) | T5: 인상률 (연) | U5: 인상주기 (개월) | V5: Rent-Free 잔여(개월) | W5: 보증금 담보 | X5: 비고
A6: 1 | H6: =IF(G6="","",ROUND(G6*0.3025,2)) | K6: =IF(J6="","",MAX(0,ROUND((J6-$C$3)/365,2))) | M6: =IF(H6="","",H6*L6) | O6: =IF(H6="","",H6*N6) | Q6: =IF(H6="","",H6*P6) | R6: =IF(O6="","",O6*12) | S6: =IF(OR(O6="",O6=0),"",ROUND(M6/O6,1))
A7: 2 | H7: =IF(G7="","",ROUND(G7*0.3025,2)) | K7: =IF(J7="","",MAX(0,ROUND((J7-$C$3)/365,2))) | M7: =IF(H7="","",H7*L7) | O7: =IF(H7="","",H7*N7) | Q7: =IF(H7="","",H7*P7) | R7: =IF(O7="","",O7*12) | S7: =IF(OR(O7="",O7=0),"",ROUND(M7/O7,1))
A8: 3 | H8: =IF(G8="","",ROUND(G8*0.3025,2)) | K8: =IF(J8="","",MAX(0,ROUND((J8-$C$3)/365,2))) | M8: =IF(H8="","",H8*L8) | O8: =IF(H8="","",H8*N8) | Q8: =IF(H8="","",H8*P8) | R8: =IF(O8="","",O8*12) | S8: =IF(OR(O8="",O8=0),"",ROUND(M8/O8,1))
A9: 4 | H9: =IF(G9="","",ROUND(G9*0.3025,2)) | K9: =IF(J9="","",MAX(0,ROUND((J9-$C$3)/365,2))) | M9: =IF(H9="","",H9*L9) | O9: =IF(H9="","",H9*N9) | Q9: =IF(H9="","",H9*P9) | R9: =IF(O9="","",O9*12) | S9: =IF(OR(O9="",O9=0),"",ROUND(M9/O9,1))
A10: 5 | H10: =IF(G10="","",ROUND(G10*0.3025,2)) | K10: =IF(J10="","",MAX(0,ROUND((J10-$C$3)/365,2))) | M10: =IF(H10="","",H10*L10) | O10: =IF(H10="","",H10*N10) | Q10: =IF(H10="","",H10*P10) | R10: =IF(O10="","",O10*12) | S10: =IF(OR(O10="",O10=0),"",ROUND(M10/O10,1))
A11: 6 | H11: =IF(G11="","",ROUND(G11*0.3025,2)) | K11: =IF(J11="","",MAX(0,ROUND((J11-$C$3)/365,2))) | M11: =IF(H11="","",H11*L11) | O11: =IF(H11="","",H11*N11) | Q11: =IF(H11="","",H11*P11) | R11: =IF(O11="","",O11*12) | S11: =IF(OR(O11="",O11=0),"",ROUND(M11/O11,1))
A12: 7 | H12: =IF(G12="","",ROUND(G12*0.3025,2)) | K12: =IF(J12="","",MAX(0,ROUND((J12-$C$3)/365,2))) | M12: =IF(H12="","",H12*L12) | O12: =IF(H12="","",H12*N12) | Q12: =IF(H12="","",H12*P12) | R12: =IF(O12="","",O12*12) | S12: =IF(OR(O12="",O12=0),"",ROUND(M12/O12,1))
A13: 8 | H13: =IF(G13="","",ROUND(G13*0.3025,2)) | K13: =IF(J13="","",MAX(0,ROUND((J13-$C$3)/365,2))) | M13: =IF(H13="","",H13*L13) | O13: =IF(H13="","",H13*N13) | Q13: =IF(H13="","",H13*P13) | R13: =IF(O13="","",O13*12) | S13: =IF(OR(O13="",O13=0),"",ROUND(M13/O13,1))
A14: 9 | H14: =IF(G14="","",ROUND(G14*0.3025,2)) | K14: =IF(J14="","",MAX(0,ROUND((J14-$C$3)/365,2))) | M14: =IF(H14="","",H14*L14) | O14: =IF(H14="","",H14*N14) | Q14: =IF(H14="","",H14*P14) | R14: =IF(O14="","",O14*12) | S14: =IF(OR(O14="",O14=0),"",ROUND(M14/O14,1))
A15: 10 | H15: =IF(G15="","",ROUND(G15*0.3025,2)) | K15: =IF(J15="","",MAX(0,ROUND((J15-$C$3)/365,2))) | M15: =IF(H15="","",H15*L15) | O15: =IF(H15="","",H15*N15) | Q15: =IF(H15="","",H15*P15) | R15: =IF(O15="","",O15*12) | S15: =IF(OR(O15="",O15=0),"",ROUND(M15/O15,1))
A16: 11 | H16: =IF(G16="","",ROUND(G16*0.3025,2)) | K16: =IF(J16="","",MAX(0,ROUND((J16-$C$3)/365,2))) | M16: =IF(H16="","",H16*L16) | O16: =IF(H16="","",H16*N16) | Q16: =IF(H16="","",H16*P16) | R16: =IF(O16="","",O16*12) | S16: =IF(OR(O16="",O16=0),"",ROUND(M16/O16,1))
A17: 12 | H17: =IF(G17="","",ROUND(G17*0.3025,2)) | K17: =IF(J17="","",MAX(0,ROUND((J17-$C$3)/365,2))) | M17: =IF(H17="","",H17*L17) | O17: =IF(H17="","",H17*N17) | Q17: =IF(H17="","",H17*P17) | R17: =IF(O17="","",O17*12) | S17: =IF(OR(O17="",O17=0),"",ROUND(M17/O17,1))
... A20: 15 | H20: =IF(G20="","",ROUND(G20*0.3025,2)) | K20: =IF(J20="","",MAX(0,ROUND((J20-$C$3)/365,2))) | M20: =IF(H20="","",H20*L20) | O20: =IF(H20="","",H20*N20) | Q20: =IF(H20="","",H20*P20) | R20: =IF(O20="","",O20*12) | S20: =IF(OR(O20="",O20=0),"",ROUND(M20/O20,1))
A21: 합계 / 가중평균 | G21: =SUM(G6:G20) | H21: =SUM(H6:H20) | K21: =IFERROR(SUMPRODUCT(N(+K6:K20),N(+R6:R20))/SUM(R6:R20),"") | M21: =SUM(M6:M20) | O21: =SUM(O6:O20) | Q21: =SUM(Q6:Q20) | R21: =SUM(R6:R20) | S21: =IFERROR(ROUND(M21/O21,1),"")
A22: ※ 합계 행의 잔여기간 = 연 임대료 가중 WALE(년). 공실 행은 임대료가 0이라 가중치에서 빠진다.

Sheet 4_실습_오류찾기
A1: Rent Roll — 오류 찾기 실습 (오류 4건 포함)
A3: 기준일 | C3: 46387 | E3: 임대가능면적(㎡) | G3: 28000 | I3: 오른쪽 '검증' 열에 직접 검증식을 넣어 오류를 찾아보세요. 예) 만기<개시, 평균 대비 ±50%, 보증금 배수, 면적 합계
A5: No | B5: 층 | C5: 구획 | D5: 임차인 | E5: 업종 | F5: 용도 | G5: 임대면적 (㎡) | H5: 임대면적 (평) | I5: 계약 개시일 | J5: 계약 만기일 | K5: 잔여기간 (년) | L5: 보증금 (원/평) | M5: 보증금 총액 (원) | N5: 월 임대료 (원/평) | O5: 월 임대료 (원) | P5: 월 관리비 (원/평) | Q5: 월 관리비 (원) | R5: 연 임대료 (원) | S5: 보증금 배수 (월 임대료 대비) | T5: 인상률 (연) | U5: 인상주기 (개월) | V5: Rent-Free 잔여(개월) | W5: 보증금 담보 | X5: 비고 | Z5: 검증① 만기<개시 | AA5: 검증② 임대료 이상 | AB5: 검증③ 보증금 배수 | AC5: 검증④ 구획 중복
A6: 1 | B6: B1 | C6: A | D6: 임차인 A | E6: 3PL | F6: 상온창고 | G6: 4000 | H6: =IF(G6="","",ROUND(G6*0.3025,2)) | I6: 45717 | J6: 48273 | K6: =IF(J6="","",MAX(0,ROUND((J6-$C$3)/365,2))) | L6: 200000 | M6: =IF(H6="","",H6*L6) | N6: 30000 | O6: =IF(H6="","",H6*N6) | P6: 8000 | Q6: =IF(H6="","",H6*P6) | R6: =IF(O6="","",O6*12) | S6: =IF(OR(O6="",O6=0),"",ROUND(M6/O6,1)) | T6: 0.025 | U6: 12 | V6: 0 | W6: 우선수익권 | X6: 앵커 임차인
A7: 2 | B7: 1F | C7: A | D7: 임차인 B | E7: 유통 | F7: 상온창고 | G7: 3500 | H7: =IF(G7="","",ROUND(G7*0.3025,2)) | I7: 45474 | J7: 47299 | K7: =IF(J7="","",MAX(0,ROUND((J7-$C$3)/365,2))) | L7: 180000 | M7: =IF(H7="","",H7*L7) | N7: 32000 | O7: =IF(H7="","",H7*N7) | P7: 8000 | Q7: =IF(H7="","",H7*P7) | R7: =IF(O7="","",O7*12) | S7: =IF(OR(O7="",O7=0),"",ROUND(M7/O7,1)) | T7: 0.03 | U7: 12 | V7: 0 | W7: 예금질권
A8: 3 | B8: 1F | C8: B | D8: 임차인 C | E8: 식품 | F8: 저온창고 | G8: 1500 | H8: =IF(G8="","",ROUND(G8*0.3025,2)) | I8: 46023 | J8: 46022 | K8: =IF(J8="","",MAX(0,ROUND((J8-$C$3)/365,2))) | L8: 250000 | M8: =IF(H8="","",H8*L8) | N8: 45000 | O8: =IF(H8="","",H8*N8) | P8: 12000 | Q8: =IF(H8="","",H8*P8) | R8: =IF(O8="","",O8*12) | S8: =IF(OR(O8="",O8=0),"",ROUND(M8/O8,1)) | T8: 0.03 | U8: 12 | V8: 2 | W8: 예금질권 | X8: Rent-Free 잔여
A9: 4 | B9: 1F | C9: C | D9: 임차인 D | E9: 근린생활 | F9: 근생 | G9: 200 | H9: =IF(G9="","",ROUND(G9*0.3025,2)) | I9: 45778 | J9: 47603 | K9: =IF(J9="","",MAX(0,ROUND((J9-$C$3)/365,2))) | L9: 300000 | M9: =IF(H9="","",H9*L9) | N9: 50000 | O9: =IF(H9="","",H9*N9) | P9: 10000 | Q9: =IF(H9="","",H9*P9) | R9: =IF(O9="","",O9*12) | S9: =IF(OR(O9="",O9=0),"",ROUND(M9/O9,1)) | T9: 0.02 | U9: 12 | V9: 0 | W9: 없음
A10: 5 | B10: 2F | C10: 전체 | D10: 임차인 A | E10: 3PL | F10: 상온창고 | G10: 5000 | H10: =IF(G10="","",ROUND(G10*0.3025,2)) | I10: 45717 | J10: 48273 | K10: =IF(J10="","",MAX(0,ROUND((J10-$C$3)/365,2))) | L10: 200000 | M10: =IF(H10="","",H10*L10) | N10: 30000 | O10: =IF(H10="","",H10*N10) | P10: 8000 | Q10: =IF(H10="","",H10*P10) | R10: =IF(O10="","",O10*12) | S10: =IF(OR(O10="",O10=0),"",ROUND(M10/O10,1)) | T10: 0.025 | U10: 12 | V10: 0 | W10: 우선수익권 | X10: 앵커 임차인
A11: 6 | B11: 3F | C11: A | D11: 임차인 E | E11: 이커머스 | F11: 상온창고 | G11: 3000 | H11: =IF(G11="","",ROUND(G11*0.3025,2)) | I11: 45200 | J11: 47026 | K11: =IF(J11="","",MAX(0,ROUND((J11-$C$3)/365,2))) | L11: 190000 | M11: =IF(H11="","",H11*L11) | N11: 3100 | O11: =IF(H11="","",H11*N11) | P11: 8000 | Q11: =IF(H11="","",H11*P11) | R11: =IF(O11="","",O11*12) | S11: =IF(OR(O11="",O11=0),"",ROUND(M11/O11,1)) | T11: 0.03 | U11: 12 | V11: 0 | W11: 예금질권
A12: 7 | B12: 3F | C12: B | D12: 공실 | F12: 상온창고 | G12: 1000 | H12: =IF(G12="","",ROUND(G12*0.3025,2)) | K12: =IF(J12="","",MAX(0,ROUND((J12-$C$3)/365,2))) | L12: 0 | M12: =IF(H12="","",H12*L12) | N12: 0 | O12: =IF(H12="","",H12*N12) | P12: 0 | Q12: =IF(H12="","",H12*P12) | R12: =IF(O12="","",O12*12) | S12: =IF(OR(O12="",O12=0),"",ROUND(M12/O12,1)) | T12: 0 | U12: 0 | V12: 0 | X12: 임대 마케팅 중
A13: 8 | B13: 4F | C13: 전체 | D13: 임차인 F | E13: 제조 | F13: 상온창고 | G13: 4500 | H13: =IF(G13="","",ROUND(G13*0.3025,2)) | I13: 45292 | J13: 46752 | K13: =IF(J13="","",MAX(0,ROUND((J13-$C$3)/365,2))) | L13: 18000 | M13: =IF(H13="","",H13*L13) | N13: 29000 | O13: =IF(H13="","",H13*N13) | P13: 8000 | Q13: =IF(H13="","",H13*P13) | R13: =IF(O13="","",O13*12) | S13: =IF(OR(O13="",O13=0),"",ROUND(M13/O13,1)) | T13: 0.02 | U13: 12 | V13: 0 | W13: 예금질권 | X13: 만기 1년 이내
A14: 9 | B14: 5F | C14: A | D14: 임차인 G | E14: 3PL | F14: 상온창고 | G14: 2800 | H14: =IF(G14="","",ROUND(G14*0.3025,2)) | I14: 45901 | J14: 47726 | K14: =IF(J14="","",MAX(0,ROUND((J14-$C$3)/365,2))) | L14: 200000 | M14: =IF(H14="","",H14*L14) | N14: 33000 | O14: =IF(H14="","",H14*N14) | P14: 8000 | Q14: =IF(H14="","",H14*P14) | R14: =IF(O14="","",O14*12) | S14: =IF(OR(O14="",O14=0),"",ROUND(M14/O14,1)) | T14: 0.03 | U14: 12 | V14: 0 | W14: 예금질권
A15: 10 | B15: 5F | C15: B | D15: 임차인 H | E15: 물류 | F15: 상온창고 | G15: 1500 | H15: =IF(G15="","",ROUND(G15*0.3025,2)) | I15: 46113 | J15: 47208 | K15: =IF(J15="","",MAX(0,ROUND((J15-$C$3)/365,2))) | L15: 200000 | M15: =IF(H15="","",H15*L15) | N15: 34000 | O15: =IF(H15="","",H15*N15) | P15: 8000 | Q15: =IF(H15="","",H15*P15) | R15: =IF(O15="","",O15*12) | S15: =IF(OR(O15="",O15=0),"",ROUND(M15/O15,1)) | T15: 0.03 | U15: 12 | V15: 1 | W15: 예금질권 | X15: Rent-Free 잔여
A16: 11 | B16: 6F | C16: A | D16: 임차인 A | E16: 3PL | F16: 사무 | G16: 800 | H16: =IF(G16="","",ROUND(G16*0.3025,2)) | I16: 45717 | J16: 48273 | K16: =IF(J16="","",MAX(0,ROUND((J16-$C$3)/365,2))) | L16: 200000 | M16: =IF(H16="","",H16*L16) | N16: 30000 | O16: =IF(H16="","",H16*N16) | P16: 8000 | Q16: =IF(H16="","",H16*P16) | R16: =IF(O16="","",O16*12) | S16: =IF(OR(O16="",O16=0),"",ROUND(M16/O16,1)) | T16: 0.025 | U16: 12 | V16: 0 | W16: 우선수익권 | X16: 앵커 임차인
A17: 12 | B17: 6F | C17: B | D17: 공실 | F17: 사무 | G17: 200 | H17: =IF(G17="","",ROUND(G17*0.3025,2)) | K17: =IF(J17="","",MAX(0,ROUND((J17-$C$3)/365,2))) | L17: 0 | M17: =IF(H17="","",H17*L17) | N17: 0 | O17: =IF(H17="","",H17*N17) | P17: 0 | Q17: =IF(H17="","",H17*P17) | R17: =IF(O17="","",O17*12) | S17: =IF(OR(O17="",O17=0),"",ROUND(M17/O17,1)) | T17: 0 | U17: 0 | V17: 0
A18: 13 | B18: 3F | C18: A | D18: 임차인 E | E18: 이커머스 | F18: 상온창고 | G18: 3000 | H18: =IF(G18="","",ROUND(G18*0.3025,2)) | I18: 45200 | J18: 47026 | K18: =IF(J18="","",MAX(0,ROUND((J18-$C$3)/365,2))) | L18: 190000 | M18: =IF(H18="","",H18*L18) | N18: 31000 | O18: =IF(H18="","",H18*N18) | P18: 8000 | Q18: =IF(H18="","",H18*P18) | R18: =IF(O18="","",O18*12) | S18: =IF(OR(O18="",O18=0),"",ROUND(M18/O18,1)) | T18: 0.03 | U18: 12 | V18: 0 | W18: 예금질권
A19: 합계 / 가중평균 | G19: =SUM(G6:G18) | H19: =SUM(H6:H18) | K19: =IFERROR(SUMPRODUCT(N(+K6:K18),N(+R6:R18))/SUM(R6:R18),"") | M19: =SUM(M6:M18) | O19: =SUM(O6:O18) | Q19: =SUM(Q6:Q18) | R19: =SUM(R6:R18) | S19: =IFERROR(ROUND(M19/O19,1),"")
A20: ※ 합계 행의 잔여기간 = 연 임대료 가중 WALE(년). 공실 행은 임대료가 0이라 가중치에서 빠진다.
A21: 임대율 점검: =SUM(G6:G18)/G3 → 100%를 넘으면 중복·오입력 의심
