Workbook
Name DrawDate: 기본가정!$B$6
Name TermMonths: 기본가정!$B$7
Name PeriodMonths: 기본가정!$B$8
Name MaturityDate: 기본가정!$B$9
Name RateA1: 기본가정!$B$10
Name SpreadA2: 기본가정!$B$11
Name CDDefault: 기본가정!$B$12
Name RateB: 기본가정!$B$13
Name Days365: 기본가정!$B$14
Name Days366: 기본가정!$B$15
Name LeapStart: 기본가정!$B$16
Name LeapEnd: 기본가정!$B$17
Name Holidays: 휴일!$A$4:$A$65
Name CD1: CD금리!$J$5

Sheet 기본가정
A1: 안양물류센터 담보대출 — 이자·이자적립금·기표일 수수료 계산 기본가정
A2: 노란 칸은 입력값입니다. 나머지 시트는 이 값과 '휴일' 시트를 참조해 자동 계산됩니다.
A4: 항목 | B4: 값 | C4: 비고·근거
A5: 대출약정 체결일 | B5: 46322 | C5: 가정 (기준 일정 TIMELINE.md)
A6: 인출일(기표일) | B6: 46324 | C6: 가정 (기준 일정). 최초 이자기간 시작일·이자율결정일
A7: 대출기간(개월) | B7: 24 | C7: 대출약정서 제1조 '대출만기일': 인출일로부터 24개월 응당일
A8: 이자기간(개월) | B8: 3 | C8: 대출약정서 제5조 제2항
A9: 대출만기일(영업일 조정) | B9: =WORKDAY(EDATE(DrawDate,TermMonths)-1,1,Holidays) | C9: 응당일이 영업일이 아니면 직후 영업일
A10: Tranche A-1 금리(고정) | B10: 0.05 | C10: 대출약정서 제5조 제1항: 연 5.00%
A11: Tranche A-2 가산금리 | B11: 0.0143 | C11: 대출약정서 제5조 제1항: 기준금리 + 1.43%
A12: Tranche A-2 기준금리 임시값 | B12: 0.0324 | C12: [추정] 10/12 대주 엑셀 쿠폰 4.67% − 1.43%. 'CD금리' 시트에 1회차 3영업일(10/26·27·28) CD금리가 모두 입력되기 전까지만 사용
A13: Tranche B 금리(고정) | B13: 0.06 | C13: 대출약정서 제5조 제1항: 연 6.00%
A14: 평년 일수 | B14: 365 | C14: 대출약정서 제5조 제5항
A15: 윤년 일수 | B15: 366 | C15: 같은 항 '다만 윤년인 경우 366일'
A16: 윤년 시작일 | B16: 46753 | C16: 대출기간 중 윤년(2028년). 윤년에 속한 일수는 366일, 나머지는 365일로 나눠 계산 [대리은행 계산방식 확인 필요]
A17: 윤년 종료일 | B17: 47118
A19: 계산 규칙 (대출약정서 최종본 제5조·제8조)
A20: · 이자기간: 최초는 인출일~3개월 응당일, 이후는 직전 말일~다음 3개월 응당일, 마지막은 대출만기일까지. 말일이 영업일이 아니면 다음 영업일에 종료하되, 다음 기간 응당일은 원래 일정대로 계산
A21: · 이자지급일: 각 이자기간 말일(영업일 조정). 후불
A22: · 이자: 원금 × 연이율 × 일수 ÷ 365(윤년 366). 초일 산입·말일 불산입. 원 미만 절사(대주별·회차별)
A23: · Tranche A-2 기준금리: 각 이자기간 초일(이자율결정일) 직전 3영업일 CD 91일물(금융투자협회 고시) 단순평균, 소수점 셋째 자리 반올림 → 'CD금리' 시트 노란 칸에 회차별 3일치 입력
A24: · 이자적립금: 인출일 당일 Tranche별 '3개월분 이자 상당액'을 각 이자유보계좌에 적립(제8조). 본 파일은 최초 이자기간(인출일~첫 이자지급일) 실제 일수 기준으로 산정하고, 연이자×3/12 방식도 참고로 표시 [대리은행 확인 필요]
A25: · 휴일: '휴일' 시트 목록(공휴일·대체공휴일·근로자의 날·연말 은행 휴무). 임시공휴일 지정 시 추가 입력
A26: · 수익 확약이 아닌 계산 도구이며, 실제 청구액은 대리은행(우리은행) 이자계산서를 기준으로 확인

Sheet 이자적립금
A1: 인출일 이자적립금 — Tranche별 이자유보계좌 (예금채권근질권 대상)
A2: 대출약정서 제8조: 인출일 당일 Tranche A·B 대출금의 각 3개월분 이자 상당액을 각 이자유보계좌에 적립. 예금채권근질권설정계약 별지2 근질권대상계좌.
A4: 구분 | B4: 이자유보계좌(우리은행) | C4: 대출약정금 | D4: 적용금리 | E4: 산정기간 | F4: 일수 | G4: 이자적립금 (최초 이자기간 실일수, 적립 기준) | H4: 참고: 연이자 × 3/12 | I4: 차이
A5: Tranche A-1 | C5: =SUMIF(대주목록!$B$4:$B$28,"A-1",대주목록!$D$4:$D$28) | D5: =RateA1 | E5: =TEXT(이자기간!B5,"yyyy-mm-dd")&" ~ "&TEXT(이자기간!D5,"yyyy-mm-dd") | F5: =이자기간!E5 | G5: =SUMIF(기관별이자!$B$5:$B$29,"A-1",기관별이자!$E$5:$E$29) | H5: =ROUNDDOWN(C5*D5*3/12,0) | I5: =G5-H5
A6: Tranche A-2 | C6: =SUMIF(대주목록!$B$4:$B$28,"A-2",대주목록!$D$4:$D$28) | D6: =이자기간!I5 | E6: =TEXT(이자기간!B5,"yyyy-mm-dd")&" ~ "&TEXT(이자기간!D5,"yyyy-mm-dd") | F6: =이자기간!E5 | G6: =SUMIF(기관별이자!$B$5:$B$29,"A-2",기관별이자!$E$5:$E$29) | H6: =ROUNDDOWN(C6*D6*3/12,0) | I6: =G6-H6
A7: Tranche A 이자적립금 | B7: 1005-504-965088 | C7: =C5+C6 | G7: =G5+G6 | H7: =H5+H6 | I7: =G7-H7
A8: Tranche B 이자적립금 | B8: 1005-504-970089 | C8: =SUMIF(대주목록!$B$4:$B$28,"B",대주목록!$D$4:$D$28) | D8: =RateB | E8: =E5 | F8: =F5 | G8: =SUMIF(기관별이자!$B$5:$B$29,"B",기관별이자!$E$5:$E$29) | H8: =ROUNDDOWN(C8*D8*3/12,0) | I8: =G8-H8
A9: 합계 (인출일 적립 필요액) | C9: =C7+C8 | G9: =G7+G8 | H9: =H7+H8 | I9: =G9-H9
A11: ※ 적립 기준(G열)은 최초 이자기간(인출일~첫 이자지급일)의 실제 일수로 대주별 이자를 계산해 원 미만을 절사한 뒤 합산한 금액입니다. 첫 이자지급일에 실제로 지급할 이자와 같습니다.
A12: ※ '3개월분 이자 상당액'의 산정 방식(실일수 / 연이자×3/12)은 약정서에 정해져 있지 않으므로, 적립 전 대리은행(우리은행)과 확인하세요 [확인 필요].
A13: ※ Tranche A-2는 'CD금리' 시트에 1회차 결정일(10/26·27·28) CD금리 3개를 입력하면 확정됩니다. 입력 전에는 기본가정의 임시값 [추정]이 적용됩니다.
A14: ※ 이자적립금은 대출금 중에서 적립할 수 있습니다(대출약정서 제2조 자금용도). 예금채권근질권 채권최고액(1순위 1,920억·2순위 456억)은 적립액과 무관합니다.

Sheet 이자기간
A1: 이자기간별 이자지급 스케줄 (인출일 기준 3개월 단위, 후불)
A2: Tranche A-2 기준금리(H열)는 'CD금리' 시트에서 회차별 이자율결정일 직전 3영업일 CD금리 평균으로 자동 반영됩니다. 3일치가 다 입력되지 않은 회차는 직전 회차 금리(1회차는 기본가정 임시값)를 씁니다.
A4: 회차 | B4: 이자기간 시작일 (이자율결정일) | C4: 응당일(명목) | D4: 이자기간 말일 = 이자지급일 | E4: 일수 | F4: 윤년 일수 | G4: 평년 일수 | H4: A-2 기준금리 (CD 91일) | I4: A-2 적용금리 | J4: Tranche A-1 이자 | K4: Tranche A-2 이자 | L4: Tranche A 소계 | M4: Tranche B 이자 | N4: 합계
A5: 1 | B5: =DrawDate | C5: =EDATE(DrawDate,PeriodMonths*A5) | D5: =WORKDAY(C5-1,1,Holidays) | E5: =D5-B5 | F5: =MAX(0,MIN(D5,LeapEnd+1)-MAX(B5,LeapStart)) | G5: =E5-F5 | H5: =CD금리!J5 | I5: =H5+SpreadA2 | J5: =SUMIF(기관별이자!$B$5:$B$29,"A-1",기관별이자!E$5:E$29) | K5: =SUMIF(기관별이자!$B$5:$B$29,"A-2",기관별이자!E$5:E$29) | L5: =J5+K5 | M5: =SUMIF(기관별이자!$B$5:$B$29,"B",기관별이자!E$5:E$29) | N5: =L5+M5
A6: 2 | B6: =D5 | C6: =EDATE(DrawDate,PeriodMonths*A6) | D6: =WORKDAY(C6-1,1,Holidays) | E6: =D6-B6 | F6: =MAX(0,MIN(D6,LeapEnd+1)-MAX(B6,LeapStart)) | G6: =E6-F6 | H6: =CD금리!J6 | I6: =H6+SpreadA2 | J6: =SUMIF(기관별이자!$B$5:$B$29,"A-1",기관별이자!F$5:F$29) | K6: =SUMIF(기관별이자!$B$5:$B$29,"A-2",기관별이자!F$5:F$29) | L6: =J6+K6 | M6: =SUMIF(기관별이자!$B$5:$B$29,"B",기관별이자!F$5:F$29) | N6: =L6+M6
A7: 3 | B7: =D6 | C7: =EDATE(DrawDate,PeriodMonths*A7) | D7: =WORKDAY(C7-1,1,Holidays) | E7: =D7-B7 | F7: =MAX(0,MIN(D7,LeapEnd+1)-MAX(B7,LeapStart)) | G7: =E7-F7 | H7: =CD금리!J7 | I7: =H7+SpreadA2 | J7: =SUMIF(기관별이자!$B$5:$B$29,"A-1",기관별이자!G$5:G$29) | K7: =SUMIF(기관별이자!$B$5:$B$29,"A-2",기관별이자!G$5:G$29) | L7: =J7+K7 | M7: =SUMIF(기관별이자!$B$5:$B$29,"B",기관별이자!G$5:G$29) | N7: =L7+M7
A8: 4 | B8: =D7 | C8: =EDATE(DrawDate,PeriodMonths*A8) | D8: =WORKDAY(C8-1,1,Holidays) | E8: =D8-B8 | F8: =MAX(0,MIN(D8,LeapEnd+1)-MAX(B8,LeapStart)) | G8: =E8-F8 | H8: =CD금리!J8 | I8: =H8+SpreadA2 | J8: =SUMIF(기관별이자!$B$5:$B$29,"A-1",기관별이자!H$5:H$29) | K8: =SUMIF(기관별이자!$B$5:$B$29,"A-2",기관별이자!H$5:H$29) | L8: =J8+K8 | M8: =SUMIF(기관별이자!$B$5:$B$29,"B",기관별이자!H$5:H$29) | N8: =L8+M8
A9: 5 | B9: =D8 | C9: =EDATE(DrawDate,PeriodMonths*A9) | D9: =WORKDAY(C9-1,1,Holidays) | E9: =D9-B9 | F9: =MAX(0,MIN(D9,LeapEnd+1)-MAX(B9,LeapStart)) | G9: =E9-F9 | H9: =CD금리!J9 | I9: =H9+SpreadA2 | J9: =SUMIF(기관별이자!$B$5:$B$29,"A-1",기관별이자!I$5:I$29) | K9: =SUMIF(기관별이자!$B$5:$B$29,"A-2",기관별이자!I$5:I$29) | L9: =J9+K9 | M9: =SUMIF(기관별이자!$B$5:$B$29,"B",기관별이자!I$5:I$29) | N9: =L9+M9
A10: 6 | B10: =D9 | C10: =EDATE(DrawDate,PeriodMonths*A10) | D10: =WORKDAY(C10-1,1,Holidays) | E10: =D10-B10 | F10: =MAX(0,MIN(D10,LeapEnd+1)-MAX(B10,LeapStart)) | G10: =E10-F10 | H10: =CD금리!J10 | I10: =H10+SpreadA2 | J10: =SUMIF(기관별이자!$B$5:$B$29,"A-1",기관별이자!J$5:J$29) | K10: =SUMIF(기관별이자!$B$5:$B$29,"A-2",기관별이자!J$5:J$29) | L10: =J10+K10 | M10: =SUMIF(기관별이자!$B$5:$B$29,"B",기관별이자!J$5:J$29) | N10: =L10+M10
A11: 7 | B11: =D10 | C11: =EDATE(DrawDate,PeriodMonths*A11) | D11: =WORKDAY(C11-1,1,Holidays) | E11: =D11-B11 | F11: =MAX(0,MIN(D11,LeapEnd+1)-MAX(B11,LeapStart)) | G11: =E11-F11 | H11: =CD금리!J11 | I11: =H11+SpreadA2 | J11: =SUMIF(기관별이자!$B$5:$B$29,"A-1",기관별이자!K$5:K$29) | K11: =SUMIF(기관별이자!$B$5:$B$29,"A-2",기관별이자!K$5:K$29) | L11: =J11+K11 | M11: =SUMIF(기관별이자!$B$5:$B$29,"B",기관별이자!K$5:K$29) | N11: =L11+M11
A12: 8 | B12: =D11 | C12: =EDATE(DrawDate,PeriodMonths*A12) | D12: =MaturityDate | E12: =D12-B12 | F12: =MAX(0,MIN(D12,LeapEnd+1)-MAX(B12,LeapStart)) | G12: =E12-F12 | H12: =CD금리!J12 | I12: =H12+SpreadA2 | J12: =SUMIF(기관별이자!$B$5:$B$29,"A-1",기관별이자!L$5:L$29) | K12: =SUMIF(기관별이자!$B$5:$B$29,"A-2",기관별이자!L$5:L$29) | L12: =J12+K12 | M12: =SUMIF(기관별이자!$B$5:$B$29,"B",기관별이자!L$5:L$29) | N12: =L12+M12
A13: 합계 | E13: =SUM(E5:E12) | J13: =SUM(J5:J12) | K13: =SUM(K5:K12) | L13: =SUM(L5:L12) | M13: =SUM(M5:M12) | N13: =SUM(N5:N12)
A15: ※ 이자지급일이 휴일이면 다음 영업일로 미뤄지고, 다음 회차 이자기간은 그 날부터 시작합니다(일수에 반영). 원 미만 절사는 대주별·회차별로 적용한 뒤 합산했습니다.
A16: ※ 2028-04-29(토) → 5/1 근로자의 날(은행 휴무)·5/2 부처님오신날 → 5/3 지급. 5/1 은행 휴무 여부는 대리은행과 확인 필요.

Sheet CD금리
A1: Tranche A-2 기준금리 결정 — 이자율결정일 직전 3영업일 CD금리(91일물) 단순평균
A2: 대출약정서 제1조 '기준금리': 이자율결정일(각 이자기간 초일, 최초는 인출일) 직전 3영업일 동안 한국금융투자협회가 고시한 CD수익률의 단순평균(소수점 아래 셋째 자리에서 반올림). 결정일①~③은 '휴일' 시트를 반영해 자동 계산됩니다.
A3: 노란 칸에 해당 일자의 CD 91일물 고시금리를 입력하세요(예: 3.25% → 3.25% 또는 0.0325). 3일치가 모두 입력되면 '확정'으로 바뀝니다.
A4: 회차 | B4: 이자율결정일 (이자기간 초일) | C4: 결정일 ① | D4: 결정일 ② | E4: 결정일 ③ | F4: CD금리 ① | G4: CD금리 ② | H4: CD금리 ③ | I4: 단순평균 (반올림 전) | J4: 적용 기준금리 (셋째 자리 반올림) | K4: 상태 | L4: A-2 적용금리 (기준금리+1.43%)
A5: 1 | B5: =이자기간!B5 | C5: =WORKDAY(B5,-3,Holidays) | D5: =WORKDAY(B5,-2,Holidays) | E5: =WORKDAY(B5,-1,Holidays) | I5: =IF(COUNT(F5:H5)=0,"",AVERAGE(F5:H5)) | J5: =IF(COUNT(F5:H5)=3,ROUND(AVERAGE(F5:H5),4),CDDefault) | K5: =IF(COUNT(F5:H5)=3,"확정(3영업일 평균)",IF(COUNT(F5:H5)=0,"미입력 → "&"기본가정 임시값"&" 적용","입력 부족("&COUNT(F5:H5)&"/3) → "&"기본가정 임시값"&" 적용")) | L5: =J5+SpreadA2
A6: 2 | B6: =이자기간!B6 | C6: =WORKDAY(B6,-3,Holidays) | D6: =WORKDAY(B6,-2,Holidays) | E6: =WORKDAY(B6,-1,Holidays) | I6: =IF(COUNT(F6:H6)=0,"",AVERAGE(F6:H6)) | J6: =IF(COUNT(F6:H6)=3,ROUND(AVERAGE(F6:H6),4),J5) | K6: =IF(COUNT(F6:H6)=3,"확정(3영업일 평균)",IF(COUNT(F6:H6)=0,"미입력 → "&"직전 회차 금리"&" 적용","입력 부족("&COUNT(F6:H6)&"/3) → "&"직전 회차 금리"&" 적용")) | L6: =J6+SpreadA2
A7: 3 | B7: =이자기간!B7 | C7: =WORKDAY(B7,-3,Holidays) | D7: =WORKDAY(B7,-2,Holidays) | E7: =WORKDAY(B7,-1,Holidays) | I7: =IF(COUNT(F7:H7)=0,"",AVERAGE(F7:H7)) | J7: =IF(COUNT(F7:H7)=3,ROUND(AVERAGE(F7:H7),4),J6) | K7: =IF(COUNT(F7:H7)=3,"확정(3영업일 평균)",IF(COUNT(F7:H7)=0,"미입력 → "&"직전 회차 금리"&" 적용","입력 부족("&COUNT(F7:H7)&"/3) → "&"직전 회차 금리"&" 적용")) | L7: =J7+SpreadA2
A8: 4 | B8: =이자기간!B8 | C8: =WORKDAY(B8,-3,Holidays) | D8: =WORKDAY(B8,-2,Holidays) | E8: =WORKDAY(B8,-1,Holidays) | I8: =IF(COUNT(F8:H8)=0,"",AVERAGE(F8:H8)) | J8: =IF(COUNT(F8:H8)=3,ROUND(AVERAGE(F8:H8),4),J7) | K8: =IF(COUNT(F8:H8)=3,"확정(3영업일 평균)",IF(COUNT(F8:H8)=0,"미입력 → "&"직전 회차 금리"&" 적용","입력 부족("&COUNT(F8:H8)&"/3) → "&"직전 회차 금리"&" 적용")) | L8: =J8+SpreadA2
A9: 5 | B9: =이자기간!B9 | C9: =WORKDAY(B9,-3,Holidays) | D9: =WORKDAY(B9,-2,Holidays) | E9: =WORKDAY(B9,-1,Holidays) | I9: =IF(COUNT(F9:H9)=0,"",AVERAGE(F9:H9)) | J9: =IF(COUNT(F9:H9)=3,ROUND(AVERAGE(F9:H9),4),J8) | K9: =IF(COUNT(F9:H9)=3,"확정(3영업일 평균)",IF(COUNT(F9:H9)=0,"미입력 → "&"직전 회차 금리"&" 적용","입력 부족("&COUNT(F9:H9)&"/3) → "&"직전 회차 금리"&" 적용")) | L9: =J9+SpreadA2
A10: 6 | B10: =이자기간!B10 | C10: =WORKDAY(B10,-3,Holidays) | D10: =WORKDAY(B10,-2,Holidays) | E10: =WORKDAY(B10,-1,Holidays) | I10: =IF(COUNT(F10:H10)=0,"",AVERAGE(F10:H10)) | J10: =IF(COUNT(F10:H10)=3,ROUND(AVERAGE(F10:H10),4),J9) | K10: =IF(COUNT(F10:H10)=3,"확정(3영업일 평균)",IF(COUNT(F10:H10)=0,"미입력 → "&"직전 회차 금리"&" 적용","입력 부족("&COUNT(F10:H10)&"/3) → "&"직전 회차 금리"&" 적용")) | L10: =J10+SpreadA2
A11: 7 | B11: =이자기간!B11 | C11: =WORKDAY(B11,-3,Holidays) | D11: =WORKDAY(B11,-2,Holidays) | E11: =WORKDAY(B11,-1,Holidays) | I11: =IF(COUNT(F11:H11)=0,"",AVERAGE(F11:H11)) | J11: =IF(COUNT(F11:H11)=3,ROUND(AVERAGE(F11:H11),4),J10) | K11: =IF(COUNT(F11:H11)=3,"확정(3영업일 평균)",IF(COUNT(F11:H11)=0,"미입력 → "&"직전 회차 금리"&" 적용","입력 부족("&COUNT(F11:H11)&"/3) → "&"직전 회차 금리"&" 적용")) | L11: =J11+SpreadA2
A12: 8 | B12: =이자기간!B12 | C12: =WORKDAY(B12,-3,Holidays) | D12: =WORKDAY(B12,-2,Holidays) | E12: =WORKDAY(B12,-1,Holidays) | I12: =IF(COUNT(F12:H12)=0,"",AVERAGE(F12:H12)) | J12: =IF(COUNT(F12:H12)=3,ROUND(AVERAGE(F12:H12),4),J11) | K12: =IF(COUNT(F12:H12)=3,"확정(3영업일 평균)",IF(COUNT(F12:H12)=0,"미입력 → "&"직전 회차 금리"&" 적용","입력 부족("&COUNT(F12:H12)&"/3) → "&"직전 회차 금리"&" 적용")) | L12: =J12+SpreadA2
A14: ※ 1회차(인출일 2026-10-29): 10/26(월)·10/27(화)·10/28(수) CD금리 평균. 약정 체결일(10/27)과 무관하며, 인출일이 바뀌면 결정일도 자동으로 바뀝니다.
A15: ※ 2회차부터는 직전 이자지급일(영업일 조정 후)이 이자율결정일입니다. 2028-01-31 회차는 설 연휴(1/25~27)를 건너 1/21·1/24·1/28, 2028-05-03 회차는 4/26~4/28입니다(휴일 추정 기준).
A16: ※ CD금리가 고시되지 않는 날(예: 근로자의 날)의 처리와 반올림 방식은 대리은행(우리은행) 이자계산서와 대조해 확인하세요 [확인 필요].

Sheet 기관별이자
A1: 대주별 회차별 이자 (원 미만 절사)
A2: 각 칸 = ROUNDDOWN(약정금 × 적용금리 × (평년일수/365 + 윤년일수/366), 0)
A3: 순번 | B3: Tranche | C3: 대주명 | D3: 대출약정금 | E3: 1회차 | F3: 2회차 | G3: 3회차 | H3: 4회차 | I3: 5회차 | J3: 6회차 | K3: 7회차 | L3: 8회차 | M3: 합계
D4: 이자지급일 → | E4: =이자기간!D5 | F4: =이자기간!D6 | G4: =이자기간!D7 | H4: =이자기간!D8 | I4: =이자기간!D9 | J4: =이자기간!D10 | K4: =이자기간!D11 | L4: =이자기간!D12
A5: 1 | B5: =대주목록!B4 | C5: =대주목록!C4 | D5: =대주목록!D4 | E5: =ROUNDDOWN($D5*IF($B5="A-1",RateA1,IF($B5="A-2",이자기간!$I$5,RateB))*(이자기간!$G$5/Days365+이자기간!$F$5/Days366),0) | F5: =ROUNDDOWN($D5*IF($B5="A-1",RateA1,IF($B5="A-2",이자기간!$I$6,RateB))*(이자기간!$G$6/Days365+이자기간!$F$6/Days366),0) | G5: =ROUNDDOWN($D5*IF($B5="A-1",RateA1,IF($B5="A-2",이자기간!$I$7,RateB))*(이자기간!$G$7/Days365+이자기간!$F$7/Days366),0) | H5: =ROUNDDOWN($D5*IF($B5="A-1",RateA1,IF($B5="A-2",이자기간!$I$8,RateB))*(이자기간!$G$8/Days365+이자기간!$F$8/Days366),0) | I5: =ROUNDDOWN($D5*IF($B5="A-1",RateA1,IF($B5="A-2",이자기간!$I$9,RateB))*(이자기간!$G$9/Days365+이자기간!$F$9/Days366),0) | J5: =ROUNDDOWN($D5*IF($B5="A-1",RateA1,IF($B5="A-2",이자기간!$I$10,RateB))*(이자기간!$G$10/Days365+이자기간!$F$10/Days366),0) | K5: =ROUNDDOWN($D5*IF($B5="A-1",RateA1,IF($B5="A-2",이자기간!$I$11,RateB))*(이자기간!$G$11/Days365+이자기간!$F$11/Days366),0) | L5: =ROUNDDOWN($D5*IF($B5="A-1",RateA1,IF($B5="A-2",이자기간!$I$12,RateB))*(이자기간!$G$12/Days365+이자기간!$F$12/Days366),0) | M5: =SUM(E5:L5)
A6: 2 | B6: =대주목록!B5 | C6: =대주목록!C5 | D6: =대주목록!D5 | E6: =ROUNDDOWN($D6*IF($B6="A-1",RateA1,IF($B6="A-2",이자기간!$I$5,RateB))*(이자기간!$G$5/Days365+이자기간!$F$5/Days366),0) | F6: =ROUNDDOWN($D6*IF($B6="A-1",RateA1,IF($B6="A-2",이자기간!$I$6,RateB))*(이자기간!$G$6/Days365+이자기간!$F$6/Days366),0) | G6: =ROUNDDOWN($D6*IF($B6="A-1",RateA1,IF($B6="A-2",이자기간!$I$7,RateB))*(이자기간!$G$7/Days365+이자기간!$F$7/Days366),0) | H6: =ROUNDDOWN($D6*IF($B6="A-1",RateA1,IF($B6="A-2",이자기간!$I$8,RateB))*(이자기간!$G$8/Days365+이자기간!$F$8/Days366),0) | I6: =ROUNDDOWN($D6*IF($B6="A-1",RateA1,IF($B6="A-2",이자기간!$I$9,RateB))*(이자기간!$G$9/Days365+이자기간!$F$9/Days366),0) | J6: =ROUNDDOWN($D6*IF($B6="A-1",RateA1,IF($B6="A-2",이자기간!$I$10,RateB))*(이자기간!$G$10/Days365+이자기간!$F$10/Days366),0) | K6: =ROUNDDOWN($D6*IF($B6="A-1",RateA1,IF($B6="A-2",이자기간!$I$11,RateB))*(이자기간!$G$11/Days365+이자기간!$F$11/Days366),0) | L6: =ROUNDDOWN($D6*IF($B6="A-1",RateA1,IF($B6="A-2",이자기간!$I$12,RateB))*(이자기간!$G$12/Days365+이자기간!$F$12/Days366),0) | M6: =SUM(E6:L6)
A7: 3 | B7: =대주목록!B6 | C7: =대주목록!C6 | D7: =대주목록!D6 | E7: =ROUNDDOWN($D7*IF($B7="A-1",RateA1,IF($B7="A-2",이자기간!$I$5,RateB))*(이자기간!$G$5/Days365+이자기간!$F$5/Days366),0) | F7: =ROUNDDOWN($D7*IF($B7="A-1",RateA1,IF($B7="A-2",이자기간!$I$6,RateB))*(이자기간!$G$6/Days365+이자기간!$F$6/Days366),0) | G7: =ROUNDDOWN($D7*IF($B7="A-1",RateA1,IF($B7="A-2",이자기간!$I$7,RateB))*(이자기간!$G$7/Days365+이자기간!$F$7/Days366),0) | H7: =ROUNDDOWN($D7*IF($B7="A-1",RateA1,IF($B7="A-2",이자기간!$I$8,RateB))*(이자기간!$G$8/Days365+이자기간!$F$8/Days366),0) | I7: =ROUNDDOWN($D7*IF($B7="A-1",RateA1,IF($B7="A-2",이자기간!$I$9,RateB))*(이자기간!$G$9/Days365+이자기간!$F$9/Days366),0) | J7: =ROUNDDOWN($D7*IF($B7="A-1",RateA1,IF($B7="A-2",이자기간!$I$10,RateB))*(이자기간!$G$10/Days365+이자기간!$F$10/Days366),0) | K7: =ROUNDDOWN($D7*IF($B7="A-1",RateA1,IF($B7="A-2",이자기간!$I$11,RateB))*(이자기간!$G$11/Days365+이자기간!$F$11/Days366),0) | L7: =ROUNDDOWN($D7*IF($B7="A-1",RateA1,IF($B7="A-2",이자기간!$I$12,RateB))*(이자기간!$G$12/Days365+이자기간!$F$12/Days366),0) | M7: =SUM(E7:L7)
A8: 4 | B8: =대주목록!B7 | C8: =대주목록!C7 | D8: =대주목록!D7 | E8: =ROUNDDOWN($D8*IF($B8="A-1",RateA1,IF($B8="A-2",이자기간!$I$5,RateB))*(이자기간!$G$5/Days365+이자기간!$F$5/Days366),0) | F8: =ROUNDDOWN($D8*IF($B8="A-1",RateA1,IF($B8="A-2",이자기간!$I$6,RateB))*(이자기간!$G$6/Days365+이자기간!$F$6/Days366),0) | G8: =ROUNDDOWN($D8*IF($B8="A-1",RateA1,IF($B8="A-2",이자기간!$I$7,RateB))*(이자기간!$G$7/Days365+이자기간!$F$7/Days366),0) | H8: =ROUNDDOWN($D8*IF($B8="A-1",RateA1,IF($B8="A-2",이자기간!$I$8,RateB))*(이자기간!$G$8/Days365+이자기간!$F$8/Days366),0) | I8: =ROUNDDOWN($D8*IF($B8="A-1",RateA1,IF($B8="A-2",이자기간!$I$9,RateB))*(이자기간!$G$9/Days365+이자기간!$F$9/Days366),0) | J8: =ROUNDDOWN($D8*IF($B8="A-1",RateA1,IF($B8="A-2",이자기간!$I$10,RateB))*(이자기간!$G$10/Days365+이자기간!$F$10/Days366),0) | K8: =ROUNDDOWN($D8*IF($B8="A-1",RateA1,IF($B8="A-2",이자기간!$I$11,RateB))*(이자기간!$G$11/Days365+이자기간!$F$11/Days366),0) | L8: =ROUNDDOWN($D8*IF($B8="A-1",RateA1,IF($B8="A-2",이자기간!$I$12,RateB))*(이자기간!$G$12/Days365+이자기간!$F$12/Days366),0) | M8: =SUM(E8:L8)
A9: 5 | B9: =대주목록!B8 | C9: =대주목록!C8 | D9: =대주목록!D8 | E9: =ROUNDDOWN($D9*IF($B9="A-1",RateA1,IF($B9="A-2",이자기간!$I$5,RateB))*(이자기간!$G$5/Days365+이자기간!$F$5/Days366),0) | F9: =ROUNDDOWN($D9*IF($B9="A-1",RateA1,IF($B9="A-2",이자기간!$I$6,RateB))*(이자기간!$G$6/Days365+이자기간!$F$6/Days366),0) | G9: =ROUNDDOWN($D9*IF($B9="A-1",RateA1,IF($B9="A-2",이자기간!$I$7,RateB))*(이자기간!$G$7/Days365+이자기간!$F$7/Days366),0) | H9: =ROUNDDOWN($D9*IF($B9="A-1",RateA1,IF($B9="A-2",이자기간!$I$8,RateB))*(이자기간!$G$8/Days365+이자기간!$F$8/Days366),0) | I9: =ROUNDDOWN($D9*IF($B9="A-1",RateA1,IF($B9="A-2",이자기간!$I$9,RateB))*(이자기간!$G$9/Days365+이자기간!$F$9/Days366),0) | J9: =ROUNDDOWN($D9*IF($B9="A-1",RateA1,IF($B9="A-2",이자기간!$I$10,RateB))*(이자기간!$G$10/Days365+이자기간!$F$10/Days366),0) | K9: =ROUNDDOWN($D9*IF($B9="A-1",RateA1,IF($B9="A-2",이자기간!$I$11,RateB))*(이자기간!$G$11/Days365+이자기간!$F$11/Days366),0) | L9: =ROUNDDOWN($D9*IF($B9="A-1",RateA1,IF($B9="A-2",이자기간!$I$12,RateB))*(이자기간!$G$12/Days365+이자기간!$F$12/Days366),0) | M9: =SUM(E9:L9)
A10: 6 | B10: =대주목록!B9 | C10: =대주목록!C9 | D10: =대주목록!D9 | E10: =ROUNDDOWN($D10*IF($B10="A-1",RateA1,IF($B10="A-2",이자기간!$I$5,RateB))*(이자기간!$G$5/Days365+이자기간!$F$5/Days366),0) | F10: =ROUNDDOWN($D10*IF($B10="A-1",RateA1,IF($B10="A-2",이자기간!$I$6,RateB))*(이자기간!$G$6/Days365+이자기간!$F$6/Days366),0) | G10: =ROUNDDOWN($D10*IF($B10="A-1",RateA1,IF($B10="A-2",이자기간!$I$7,RateB))*(이자기간!$G$7/Days365+이자기간!$F$7/Days366),0) | H10: =ROUNDDOWN($D10*IF($B10="A-1",RateA1,IF($B10="A-2",이자기간!$I$8,RateB))*(이자기간!$G$8/Days365+이자기간!$F$8/Days366),0) | I10: =ROUNDDOWN($D10*IF($B10="A-1",RateA1,IF($B10="A-2",이자기간!$I$9,RateB))*(이자기간!$G$9/Days365+이자기간!$F$9/Days366),0) | J10: =ROUNDDOWN($D10*IF($B10="A-1",RateA1,IF($B10="A-2",이자기간!$I$10,RateB))*(이자기간!$G$10/Days365+이자기간!$F$10/Days366),0) | K10: =ROUNDDOWN($D10*IF($B10="A-1",RateA1,IF($B10="A-2",이자기간!$I$11,RateB))*(이자기간!$G$11/Days365+이자기간!$F$11/Days366),0) | L10: =ROUNDDOWN($D10*IF($B10="A-1",RateA1,IF($B10="A-2",이자기간!$I$12,RateB))*(이자기간!$G$12/Days365+이자기간!$F$12/Days366),0) | M10: =SUM(E10:L10)
A11: 7 | B11: =대주목록!B10 | C11: =대주목록!C10 | D11: =대주목록!D10 | E11: =ROUNDDOWN($D11*IF($B11="A-1",RateA1,IF($B11="A-2",이자기간!$I$5,RateB))*(이자기간!$G$5/Days365+이자기간!$F$5/Days366),0) | F11: =ROUNDDOWN($D11*IF($B11="A-1",RateA1,IF($B11="A-2",이자기간!$I$6,RateB))*(이자기간!$G$6/Days365+이자기간!$F$6/Days366),0) | G11: =ROUNDDOWN($D11*IF($B11="A-1",RateA1,IF($B11="A-2",이자기간!$I$7,RateB))*(이자기간!$G$7/Days365+이자기간!$F$7/Days366),0) | H11: =ROUNDDOWN($D11*IF($B11="A-1",RateA1,IF($B11="A-2",이자기간!$I$8,RateB))*(이자기간!$G$8/Days365+이자기간!$F$8/Days366),0) | I11: =ROUNDDOWN($D11*IF($B11="A-1",RateA1,IF($B11="A-2",이자기간!$I$9,RateB))*(이자기간!$G$9/Days365+이자기간!$F$9/Days366),0) | J11: =ROUNDDOWN($D11*IF($B11="A-1",RateA1,IF($B11="A-2",이자기간!$I$10,RateB))*(이자기간!$G$10/Days365+이자기간!$F$10/Days366),0) | K11: =ROUNDDOWN($D11*IF($B11="A-1",RateA1,IF($B11="A-2",이자기간!$I$11,RateB))*(이자기간!$G$11/Days365+이자기간!$F$11/Days366),0) | L11: =ROUNDDOWN($D11*IF($B11="A-1",RateA1,IF($B11="A-2",이자기간!$I$12,RateB))*(이자기간!$G$12/Days365+이자기간!$F$12/Days366),0) | M11: =SUM(E11:L11)
A12: 8 | B12: =대주목록!B11 | C12: =대주목록!C11 | D12: =대주목록!D11 | E12: =ROUNDDOWN($D12*IF($B12="A-1",RateA1,IF($B12="A-2",이자기간!$I$5,RateB))*(이자기간!$G$5/Days365+이자기간!$F$5/Days366),0) | F12: =ROUNDDOWN($D12*IF($B12="A-1",RateA1,IF($B12="A-2",이자기간!$I$6,RateB))*(이자기간!$G$6/Days365+이자기간!$F$6/Days366),0) | G12: =ROUNDDOWN($D12*IF($B12="A-1",RateA1,IF($B12="A-2",이자기간!$I$7,RateB))*(이자기간!$G$7/Days365+이자기간!$F$7/Days366),0) | H12: =ROUNDDOWN($D12*IF($B12="A-1",RateA1,IF($B12="A-2",이자기간!$I$8,RateB))*(이자기간!$G$8/Days365+이자기간!$F$8/Days366),0) | I12: =ROUNDDOWN($D12*IF($B12="A-1",RateA1,IF($B12="A-2",이자기간!$I$9,RateB))*(이자기간!$G$9/Days365+이자기간!$F$9/Days366),0) | J12: =ROUNDDOWN($D12*IF($B12="A-1",RateA1,IF($B12="A-2",이자기간!$I$10,RateB))*(이자기간!$G$10/Days365+이자기간!$F$10/Days366),0) | K12: =ROUNDDOWN($D12*IF($B12="A-1",RateA1,IF($B12="A-2",이자기간!$I$11,RateB))*(이자기간!$G$11/Days365+이자기간!$F$11/Days366),0) | L12: =ROUNDDOWN($D12*IF($B12="A-1",RateA1,IF($B12="A-2",이자기간!$I$12,RateB))*(이자기간!$G$12/Days365+이자기간!$F$12/Days366),0) | M12: =SUM(E12:L12)
A13: 9 | B13: =대주목록!B12 | C13: =대주목록!C12 | D13: =대주목록!D12 | E13: =ROUNDDOWN($D13*IF($B13="A-1",RateA1,IF($B13="A-2",이자기간!$I$5,RateB))*(이자기간!$G$5/Days365+이자기간!$F$5/Days366),0) | F13: =ROUNDDOWN($D13*IF($B13="A-1",RateA1,IF($B13="A-2",이자기간!$I$6,RateB))*(이자기간!$G$6/Days365+이자기간!$F$6/Days366),0) | G13: =ROUNDDOWN($D13*IF($B13="A-1",RateA1,IF($B13="A-2",이자기간!$I$7,RateB))*(이자기간!$G$7/Days365+이자기간!$F$7/Days366),0) | H13: =ROUNDDOWN($D13*IF($B13="A-1",RateA1,IF($B13="A-2",이자기간!$I$8,RateB))*(이자기간!$G$8/Days365+이자기간!$F$8/Days366),0) | I13: =ROUNDDOWN($D13*IF($B13="A-1",RateA1,IF($B13="A-2",이자기간!$I$9,RateB))*(이자기간!$G$9/Days365+이자기간!$F$9/Days366),0) | J13: =ROUNDDOWN($D13*IF($B13="A-1",RateA1,IF($B13="A-2",이자기간!$I$10,RateB))*(이자기간!$G$10/Days365+이자기간!$F$10/Days366),0) | K13: =ROUNDDOWN($D13*IF($B13="A-1",RateA1,IF($B13="A-2",이자기간!$I$11,RateB))*(이자기간!$G$11/Days365+이자기간!$F$11/Days366),0) | L13: =ROUNDDOWN($D13*IF($B13="A-1",RateA1,IF($B13="A-2",이자기간!$I$12,RateB))*(이자기간!$G$12/Days365+이자기간!$F$12/Days366),0) | M13: =SUM(E13:L13)
A14: 10 | B14: =대주목록!B13 | C14: =대주목록!C13 | D14: =대주목록!D13 | E14: =ROUNDDOWN($D14*IF($B14="A-1",RateA1,IF($B14="A-2",이자기간!$I$5,RateB))*(이자기간!$G$5/Days365+이자기간!$F$5/Days366),0) | F14: =ROUNDDOWN($D14*IF($B14="A-1",RateA1,IF($B14="A-2",이자기간!$I$6,RateB))*(이자기간!$G$6/Days365+이자기간!$F$6/Days366),0) | G14: =ROUNDDOWN($D14*IF($B14="A-1",RateA1,IF($B14="A-2",이자기간!$I$7,RateB))*(이자기간!$G$7/Days365+이자기간!$F$7/Days366),0) | H14: =ROUNDDOWN($D14*IF($B14="A-1",RateA1,IF($B14="A-2",이자기간!$I$8,RateB))*(이자기간!$G$8/Days365+이자기간!$F$8/Days366),0) | I14: =ROUNDDOWN($D14*IF($B14="A-1",RateA1,IF($B14="A-2",이자기간!$I$9,RateB))*(이자기간!$G$9/Days365+이자기간!$F$9/Days366),0) | J14: =ROUNDDOWN($D14*IF($B14="A-1",RateA1,IF($B14="A-2",이자기간!$I$10,RateB))*(이자기간!$G$10/Days365+이자기간!$F$10/Days366),0) | K14: =ROUNDDOWN($D14*IF($B14="A-1",RateA1,IF($B14="A-2",이자기간!$I$11,RateB))*(이자기간!$G$11/Days365+이자기간!$F$11/Days366),0) | L14: =ROUNDDOWN($D14*IF($B14="A-1",RateA1,IF($B14="A-2",이자기간!$I$12,RateB))*(이자기간!$G$12/Days365+이자기간!$F$12/Days366),0) | M14: =SUM(E14:L14)
A15: 11 | B15: =대주목록!B14 | C15: =대주목록!C14 | D15: =대주목록!D14 | E15: =ROUNDDOWN($D15*IF($B15="A-1",RateA1,IF($B15="A-2",이자기간!$I$5,RateB))*(이자기간!$G$5/Days365+이자기간!$F$5/Days366),0) | F15: =ROUNDDOWN($D15*IF($B15="A-1",RateA1,IF($B15="A-2",이자기간!$I$6,RateB))*(이자기간!$G$6/Days365+이자기간!$F$6/Days366),0) | G15: =ROUNDDOWN($D15*IF($B15="A-1",RateA1,IF($B15="A-2",이자기간!$I$7,RateB))*(이자기간!$G$7/Days365+이자기간!$F$7/Days366),0) | H15: =ROUNDDOWN($D15*IF($B15="A-1",RateA1,IF($B15="A-2",이자기간!$I$8,RateB))*(이자기간!$G$8/Days365+이자기간!$F$8/Days366),0) | I15: =ROUNDDOWN($D15*IF($B15="A-1",RateA1,IF($B15="A-2",이자기간!$I$9,RateB))*(이자기간!$G$9/Days365+이자기간!$F$9/Days366),0) | J15: =ROUNDDOWN($D15*IF($B15="A-1",RateA1,IF($B15="A-2",이자기간!$I$10,RateB))*(이자기간!$G$10/Days365+이자기간!$F$10/Days366),0) | K15: =ROUNDDOWN($D15*IF($B15="A-1",RateA1,IF($B15="A-2",이자기간!$I$11,RateB))*(이자기간!$G$11/Days365+이자기간!$F$11/Days366),0) | L15: =ROUNDDOWN($D15*IF($B15="A-1",RateA1,IF($B15="A-2",이자기간!$I$12,RateB))*(이자기간!$G$12/Days365+이자기간!$F$12/Days366),0) | M15: =SUM(E15:L15)
A16: 12 | B16: =대주목록!B15 | C16: =대주목록!C15 | D16: =대주목록!D15 | E16: =ROUNDDOWN($D16*IF($B16="A-1",RateA1,IF($B16="A-2",이자기간!$I$5,RateB))*(이자기간!$G$5/Days365+이자기간!$F$5/Days366),0) | F16: =ROUNDDOWN($D16*IF($B16="A-1",RateA1,IF($B16="A-2",이자기간!$I$6,RateB))*(이자기간!$G$6/Days365+이자기간!$F$6/Days366),0) | G16: =ROUNDDOWN($D16*IF($B16="A-1",RateA1,IF($B16="A-2",이자기간!$I$7,RateB))*(이자기간!$G$7/Days365+이자기간!$F$7/Days366),0) | H16: =ROUNDDOWN($D16*IF($B16="A-1",RateA1,IF($B16="A-2",이자기간!$I$8,RateB))*(이자기간!$G$8/Days365+이자기간!$F$8/Days366),0) | I16: =ROUNDDOWN($D16*IF($B16="A-1",RateA1,IF($B16="A-2",이자기간!$I$9,RateB))*(이자기간!$G$9/Days365+이자기간!$F$9/Days366),0) | J16: =ROUNDDOWN($D16*IF($B16="A-1",RateA1,IF($B16="A-2",이자기간!$I$10,RateB))*(이자기간!$G$10/Days365+이자기간!$F$10/Days366),0) | K16: =ROUNDDOWN($D16*IF($B16="A-1",RateA1,IF($B16="A-2",이자기간!$I$11,RateB))*(이자기간!$G$11/Days365+이자기간!$F$11/Days366),0) | L16: =ROUNDDOWN($D16*IF($B16="A-1",RateA1,IF($B16="A-2",이자기간!$I$12,RateB))*(이자기간!$G$12/Days365+이자기간!$F$12/Days366),0) | M16: =SUM(E16:L16)
... A29: 25 | B29: =대주목록!B28 | C29: =대주목록!C28 | D29: =대주목록!D28 | E29: =ROUNDDOWN($D29*IF($B29="A-1",RateA1,IF($B29="A-2",이자기간!$I$5,RateB))*(이자기간!$G$5/Days365+이자기간!$F$5/Days366),0) | F29: =ROUNDDOWN($D29*IF($B29="A-1",RateA1,IF($B29="A-2",이자기간!$I$6,RateB))*(이자기간!$G$6/Days365+이자기간!$F$6/Days366),0) | G29: =ROUNDDOWN($D29*IF($B29="A-1",RateA1,IF($B29="A-2",이자기간!$I$7,RateB))*(이자기간!$G$7/Days365+이자기간!$F$7/Days366),0) | H29: =ROUNDDOWN($D29*IF($B29="A-1",RateA1,IF($B29="A-2",이자기간!$I$8,RateB))*(이자기간!$G$8/Days365+이자기간!$F$8/Days366),0) | I29: =ROUNDDOWN($D29*IF($B29="A-1",RateA1,IF($B29="A-2",이자기간!$I$9,RateB))*(이자기간!$G$9/Days365+이자기간!$F$9/Days366),0) | J29: =ROUNDDOWN($D29*IF($B29="A-1",RateA1,IF($B29="A-2",이자기간!$I$10,RateB))*(이자기간!$G$10/Days365+이자기간!$F$10/Days366),0) | K29: =ROUNDDOWN($D29*IF($B29="A-1",RateA1,IF($B29="A-2",이자기간!$I$11,RateB))*(이자기간!$G$11/Days365+이자기간!$F$11/Days366),0) | L29: =ROUNDDOWN($D29*IF($B29="A-1",RateA1,IF($B29="A-2",이자기간!$I$12,RateB))*(이자기간!$G$12/Days365+이자기간!$F$12/Days366),0) | M29: =SUM(E29:L29)
C30: Tranche A-1 소계 | D30: =SUMIF($B$5:$B$29,"A-1",D$5:D$29) | E30: =SUMIF($B$5:$B$29,"A-1",E$5:E$29) | F30: =SUMIF($B$5:$B$29,"A-1",F$5:F$29) | G30: =SUMIF($B$5:$B$29,"A-1",G$5:G$29) | H30: =SUMIF($B$5:$B$29,"A-1",H$5:H$29) | I30: =SUMIF($B$5:$B$29,"A-1",I$5:I$29) | J30: =SUMIF($B$5:$B$29,"A-1",J$5:J$29) | K30: =SUMIF($B$5:$B$29,"A-1",K$5:K$29) | ... M30: =SUMIF($B$5:$B$29,"A-1",M$5:M$29)
C31: Tranche A-2 소계 | D31: =SUMIF($B$5:$B$29,"A-2",D$5:D$29) | E31: =SUMIF($B$5:$B$29,"A-2",E$5:E$29) | F31: =SUMIF($B$5:$B$29,"A-2",F$5:F$29) | G31: =SUMIF($B$5:$B$29,"A-2",G$5:G$29) | H31: =SUMIF($B$5:$B$29,"A-2",H$5:H$29) | I31: =SUMIF($B$5:$B$29,"A-2",I$5:I$29) | J31: =SUMIF($B$5:$B$29,"A-2",J$5:J$29) | K31: =SUMIF($B$5:$B$29,"A-2",K$5:K$29) | ... M31: =SUMIF($B$5:$B$29,"A-2",M$5:M$29)
C32: Tranche B 소계 | D32: =SUMIF($B$5:$B$29,"B",D$5:D$29) | E32: =SUMIF($B$5:$B$29,"B",E$5:E$29) | F32: =SUMIF($B$5:$B$29,"B",F$5:F$29) | G32: =SUMIF($B$5:$B$29,"B",G$5:G$29) | H32: =SUMIF($B$5:$B$29,"B",H$5:H$29) | I32: =SUMIF($B$5:$B$29,"B",I$5:I$29) | J32: =SUMIF($B$5:$B$29,"B",J$5:J$29) | K32: =SUMIF($B$5:$B$29,"B",K$5:K$29) | ... M32: =SUMIF($B$5:$B$29,"B",M$5:M$29)
C33: 합계 | D33: =SUM(D5:D29) | E33: =SUM(E5:E29) | F33: =SUM(F5:F29) | G33: =SUM(G5:G29) | H33: =SUM(H5:H29) | I33: =SUM(I5:I29) | J33: =SUM(J5:J29) | K33: =SUM(K5:K29) | ... M33: =SUM(M5:M29)

Sheet 기표일수수료
A1: 기표일(인출일) 지급 기관별 수수료
A2: 근거: 개별 수수료약정서(모두 '대출금의 인출일에 지급', '부가가치세 없음' 기재). 수취계좌는 '통지처_계좌' 시트 입력값을 자동 표시합니다.
A4: 순번 | B4: Tranche | C4: 대주명 | D4: 수수료 구분 | E4: 대출약정금 | F4: 요율 | G4: 수수료 금액(원) | H4: 부가가치세 | I4: 지급일 | J4: 수취은행 | K4: 계좌번호 | L4: 예금주 | M4: 통장사본 | N4: 담당자 | O4: 전화 | P4: 전자우편 | Q4: 근거 약정서
A5: 1 | B5: A-1 | C5: 롯데캐피탈 주식회사 | D5: 대출참여수수료 | E5: =대주목록!D4 | F5: 0.018 | G5: =ROUND(E5*F5,0) | H5: 없음 | I5: =DrawDate | J5: =IF(통지처_계좌!J6="","",통지처_계좌!J6) | K5: =IF(통지처_계좌!K6="","",통지처_계좌!K6) | L5: =IF(통지처_계좌!L6="","",통지처_계좌!L6) | M5: =IF(통지처_계좌!M6="","미수령","수령") | N5: =통지처_계좌!E6 | O5: =통지처_계좌!F6&IF(통지처_계좌!G6="","",", "&통지처_계좌!G6) | P5: =통지처_계좌!I6 | Q5: 대출참여수수료약정서(Tr A-1 롯데캐피탈)(25905685.v3)
A6: 2 | B6: A-1 | C6: 주식회사 우리카드 | D6: 대출참여수수료 | E6: =대주목록!D5 | F6: 0.012 | G6: =ROUND(E6*F6,0) | H6: 없음 | I6: =DrawDate | J6: =IF(통지처_계좌!J7="","",통지처_계좌!J7) | K6: =IF(통지처_계좌!K7="","",통지처_계좌!K7) | L6: =IF(통지처_계좌!L7="","",통지처_계좌!L7) | M6: =IF(통지처_계좌!M7="","미수령","수령") | N6: =통지처_계좌!E7 | O6: =통지처_계좌!F7&IF(통지처_계좌!G7="","",", "&통지처_계좌!G7) | P6: =통지처_계좌!I7 | Q6: 대출참여수수료약정서(Tr A-1 우리카드)(25905689.v3)
A7: 3 | B7: A-1 | C7: 신용협동조합중앙회 | D7: 대출참여수수료 | E7: =대주목록!D6 | F7: 0.01 | G7: =ROUND(E7*F7,0) | H7: 없음 | I7: =DrawDate | J7: =IF(통지처_계좌!J8="","",통지처_계좌!J8) | K7: =IF(통지처_계좌!K8="","",통지처_계좌!K8) | L7: =IF(통지처_계좌!L8="","",통지처_계좌!L8) | M7: =IF(통지처_계좌!M8="","미수령","수령") | N7: =통지처_계좌!E8 | O7: =통지처_계좌!F8&IF(통지처_계좌!G8="","",", "&통지처_계좌!G8) | P7: =통지처_계좌!I8 | Q7: 대출참여수수료약정서(Tr A-1 신협대주단)(25905687.v4) 제2조 표
A8: 4 | B8: A-1 | C8: 서로신용협동조합 | D8: 대출참여수수료 | E8: =대주목록!D7 | F8: 0.01 | G8: =ROUND(E8*F8,0) | H8: 없음 | I8: =DrawDate | J8: =IF(통지처_계좌!J9="","",통지처_계좌!J9) | K8: =IF(통지처_계좌!K9="","",통지처_계좌!K9) | L8: =IF(통지처_계좌!L9="","",통지처_계좌!L9) | M8: =IF(통지처_계좌!M9="","미수령","수령") | N8: =통지처_계좌!E9 | O8: =통지처_계좌!F9&IF(통지처_계좌!G9="","",", "&통지처_계좌!G9) | P8: =통지처_계좌!I9 | Q8: 대출참여수수료약정서(Tr A-1 신협대주단)(25905687.v4) 제2조 표
A9: 5 | B9: A-1 | C9: 수지신용협동조합 | D9: 대출참여수수료 | E9: =대주목록!D8 | F9: 0.01 | G9: =ROUND(E9*F9,0) | H9: 없음 | I9: =DrawDate | J9: =IF(통지처_계좌!J10="","",통지처_계좌!J10) | K9: =IF(통지처_계좌!K10="","",통지처_계좌!K10) | L9: =IF(통지처_계좌!L10="","",통지처_계좌!L10) | M9: =IF(통지처_계좌!M10="","미수령","수령") | N9: =통지처_계좌!E10 | O9: =통지처_계좌!F10&IF(통지처_계좌!G10="","",", "&통지처_계좌!G10) | P9: =통지처_계좌!I10 | Q9: 대출참여수수료약정서(Tr A-1 신협대주단)(25905687.v4) 제2조 표
A10: 6 | B10: A-1 | C10: 정선신용협동조합 | D10: 대출참여수수료 | E10: =대주목록!D9 | F10: 0.01 | G10: =ROUND(E10*F10,0) | H10: 없음 | I10: =DrawDate | J10: =IF(통지처_계좌!J11="","",통지처_계좌!J11) | K10: =IF(통지처_계좌!K11="","",통지처_계좌!K11) | L10: =IF(통지처_계좌!L11="","",통지처_계좌!L11) | M10: =IF(통지처_계좌!M11="","미수령","수령") | N10: =통지처_계좌!E11 | O10: =통지처_계좌!F11&IF(통지처_계좌!G11="","",", "&통지처_계좌!G11) | P10: =통지처_계좌!I11 | Q10: 대출참여수수료약정서(Tr A-1 신협대주단)(25905687.v4) 제2조 표
A11: 7 | B11: A-1 | C11: 연희신용협동조합 | D11: 대출참여수수료 | E11: =대주목록!D10 | F11: 0.01 | G11: =ROUND(E11*F11,0) | H11: 없음 | I11: =DrawDate | J11: =IF(통지처_계좌!J12="","",통지처_계좌!J12) | K11: =IF(통지처_계좌!K12="","",통지처_계좌!K12) | L11: =IF(통지처_계좌!L12="","",통지처_계좌!L12) | M11: =IF(통지처_계좌!M12="","미수령","수령") | N11: =통지처_계좌!E12 | O11: =통지처_계좌!F12&IF(통지처_계좌!G12="","",", "&통지처_계좌!G12) | P11: =통지처_계좌!I12 | Q11: 대출참여수수료약정서(Tr A-1 신협대주단)(25905687.v4) 제2조 표
A12: 8 | B12: A-1 | C12: 금모래신용협동조합 | D12: 대출참여수수료 | E12: =대주목록!D11 | F12: 0.01 | G12: =ROUND(E12*F12,0) | H12: 없음 | I12: =DrawDate | J12: =IF(통지처_계좌!J13="","",통지처_계좌!J13) | K12: =IF(통지처_계좌!K13="","",통지처_계좌!K13) | L12: =IF(통지처_계좌!L13="","",통지처_계좌!L13) | M12: =IF(통지처_계좌!M13="","미수령","수령") | N12: =통지처_계좌!E13 | O12: =통지처_계좌!F13&IF(통지처_계좌!G13="","",", "&통지처_계좌!G13) | P12: =통지처_계좌!I13 | Q12: 대출참여수수료약정서(Tr A-1 신협대주단)(25905687.v4) 제2조 표
A13: 9 | B13: A-1 | C13: 남인천신용협동조합 | D13: 대출참여수수료 | E13: =대주목록!D12 | F13: 0.01 | G13: =ROUND(E13*F13,0) | H13: 없음 | I13: =DrawDate | J13: =IF(통지처_계좌!J14="","",통지처_계좌!J14) | K13: =IF(통지처_계좌!K14="","",통지처_계좌!K14) | L13: =IF(통지처_계좌!L14="","",통지처_계좌!L14) | M13: =IF(통지처_계좌!M14="","미수령","수령") | N13: =통지처_계좌!E14 | O13: =통지처_계좌!F14&IF(통지처_계좌!G14="","",", "&통지처_계좌!G14) | P13: =통지처_계좌!I14 | Q13: 대출참여수수료약정서(Tr A-1 신협대주단)(25905687.v4) 제2조 표
A14: 10 | B14: A-1 | C14: 미호신용협동조합 | D14: 대출참여수수료 | E14: =대주목록!D13 | F14: 0.01 | G14: =ROUND(E14*F14,0) | H14: 없음 | I14: =DrawDate | J14: =IF(통지처_계좌!J15="","",통지처_계좌!J15) | K14: =IF(통지처_계좌!K15="","",통지처_계좌!K15) | L14: =IF(통지처_계좌!L15="","",통지처_계좌!L15) | M14: =IF(통지처_계좌!M15="","미수령","수령") | N14: =통지처_계좌!E15 | O14: =통지처_계좌!F15&IF(통지처_계좌!G15="","",", "&통지처_계좌!G15) | P14: =통지처_계좌!I15 | Q14: 대출참여수수료약정서(Tr A-1 신협대주단)(25905687.v4) 제2조 표
A15: 11 | B15: A-1 | C15: 대구대서신용협동조합 | D15: 대출참여수수료 | E15: =대주목록!D14 | F15: 0.01 | G15: =ROUND(E15*F15,0) | H15: 없음 | I15: =DrawDate | J15: =IF(통지처_계좌!J16="","",통지처_계좌!J16) | K15: =IF(통지처_계좌!K16="","",통지처_계좌!K16) | L15: =IF(통지처_계좌!L16="","",통지처_계좌!L16) | M15: =IF(통지처_계좌!M16="","미수령","수령") | N15: =통지처_계좌!E16 | O15: =통지처_계좌!F16&IF(통지처_계좌!G16="","",", "&통지처_계좌!G16) | P15: =통지처_계좌!I16 | Q15: 대출참여수수료약정서(Tr A-1 신협대주단)(25905687.v4) 제2조 표
A16: 12 | B16: A-1 | C16: 한빛신용협동조합 | D16: 대출참여수수료 | E16: =대주목록!D15 | F16: 0.01 | G16: =ROUND(E16*F16,0) | H16: 없음 | I16: =DrawDate | J16: =IF(통지처_계좌!J17="","",통지처_계좌!J17) | K16: =IF(통지처_계좌!K17="","",통지처_계좌!K17) | L16: =IF(통지처_계좌!L17="","",통지처_계좌!L17) | M16: =IF(통지처_계좌!M17="","미수령","수령") | N16: =통지처_계좌!E17 | O16: =통지처_계좌!F17&IF(통지처_계좌!G17="","",", "&통지처_계좌!G17) | P16: =통지처_계좌!I17 | Q16: 대출참여수수료약정서(Tr A-1 신협대주단)(25905687.v4) 제2조 표
... A24: 20 | B24: A-1 | C24: 수협은행 | D24: 대출참여수수료 | E24: =대주목록!D23 | F24: 0.01 | G24: =ROUND(E24*F24,0) | H24: 없음 | I24: =DrawDate | J24: =IF(통지처_계좌!J25="","",통지처_계좌!J25) | K24: =IF(통지처_계좌!K25="","",통지처_계좌!K25) | L24: =IF(통지처_계좌!L25="","",통지처_계좌!L25) | M24: =IF(통지처_계좌!M25="","미수령","수령") | N24: =통지처_계좌!E25 | O24: =통지처_계좌!F25&IF(통지처_계좌!G25="","",", "&통지처_계좌!G25) | P24: =통지처_계좌!I25 | Q24: 대출참여수수료약정서(Tr A-1 수협은행)(25905686.v3)
A25: 21 | B25: A-1 | C25: 주식회사 에스비아이저축은행 | D25: 대출주선수수료 | E25: =대주목록!D24 | F25: =G25/E25 | G25: 100000000 | H25: 없음 | I25: =DrawDate | J25: =IF(통지처_계좌!J26="","",통지처_계좌!J26) | K25: =IF(통지처_계좌!K26="","",통지처_계좌!K26) | L25: =IF(통지처_계좌!L26="","",통지처_계좌!L26) | M25: =IF(통지처_계좌!M26="","미수령","수령") | N25: =통지처_계좌!E26 | O25: =통지처_계좌!F26&IF(통지처_계좌!G26="","",", "&통지처_계좌!G26) | P25: =통지처_계좌!I26 | Q25: 대출주선수수료약정서(Tr A-1 에스비아이저축은행)(25905688.v3)
A26: 22 | B26: A-2 | C26: 주식회사 우리은행 | D26: 대출주선수수료 | E26: =대주목록!D25 | F26: =G26/E26 | G26: 830000000 | H26: 없음 | I26: =DrawDate | J26: =IF(통지처_계좌!J27="","",통지처_계좌!J27) | K26: =IF(통지처_계좌!K27="","",통지처_계좌!K27) | L26: =IF(통지처_계좌!L27="","",통지처_계좌!L27) | M26: =IF(통지처_계좌!M27="","미수령","수령") | N26: =통지처_계좌!E27 | O26: =통지처_계좌!F27&IF(통지처_계좌!G27="","",", "&통지처_계좌!G27) | P26: =통지처_계좌!I27 | Q26: 대출주선수수료약정서(Tr A-2 우리은행)(25906867.v4)
A27: 23 | B27: A-2 | C27: 주식회사 우리은행 | D27: 대출참여수수료 | E27: =대주목록!D25 | F27: 0.008 | G27: =ROUND(E27*F27,0) | H27: 없음 | I27: =DrawDate | J27: =IF(통지처_계좌!J27="","",통지처_계좌!J27) | K27: =IF(통지처_계좌!K27="","",통지처_계좌!K27) | L27: =IF(통지처_계좌!L27="","",통지처_계좌!L27) | M27: =IF(통지처_계좌!M27="","미수령","수령") | N27: =통지처_계좌!E27 | O27: =통지처_계좌!F27&IF(통지처_계좌!G27="","",", "&통지처_계좌!G27) | P27: =통지처_계좌!I27 | Q27: 대출참여수수료약정서(Tr A-2 우리은행)(25905690.v3)
A28: 24 | B28: B | C28: 키움캐피탈 주식회사 | D28: 대출취급수수료 | E28: =대주목록!D26 | F28: 0.01 | G28: =ROUND(E28*F28,0) | H28: 없음 | I28: =DrawDate | J28: =IF(통지처_계좌!J28="","",통지처_계좌!J28) | K28: =IF(통지처_계좌!K28="","",통지처_계좌!K28) | L28: =IF(통지처_계좌!L28="","",통지처_계좌!L28) | M28: =IF(통지처_계좌!M28="","미수령","수령") | N28: =통지처_계좌!E28 | O28: =통지처_계좌!F28&IF(통지처_계좌!G28="","",", "&통지처_계좌!G28) | P28: =통지처_계좌!I28 | Q28: 대출취급수수료약정서(Tr B 키움캐피탈)(25845759.v3)
A29: 25 | B29: B | C29: 엠지캐피탈 주식회사 | D29: 대출취급수수료 | E29: =대주목록!D27 | F29: 0.0064 | G29: =ROUND(E29*F29,0) | H29: 없음 | I29: =DrawDate | J29: =IF(통지처_계좌!J29="","",통지처_계좌!J29) | K29: =IF(통지처_계좌!K29="","",통지처_계좌!K29) | L29: =IF(통지처_계좌!L29="","",통지처_계좌!L29) | M29: =IF(통지처_계좌!M29="","미수령","수령") | N29: =통지처_계좌!E29 | O29: =통지처_계좌!F29&IF(통지처_계좌!G29="","",", "&통지처_계좌!G29) | P29: =통지처_계좌!I29 | Q29: 대출취급수수료약정서(Tr B 엠지캐피탈)(25845758.v3)
A30: 26 | B30: B | C30: 주식회사 디비저축은행 | D30: 대출참여수수료 | E30: =대주목록!D28 | F30: 0.01 | G30: =ROUND(E30*F30,0) | H30: 없음 | I30: =DrawDate | J30: =IF(통지처_계좌!J30="","",통지처_계좌!J30) | K30: =IF(통지처_계좌!K30="","",통지처_계좌!K30) | L30: =IF(통지처_계좌!L30="","",통지처_계좌!L30) | M30: =IF(통지처_계좌!M30="","미수령","수령") | N30: =통지처_계좌!E30 | O30: =통지처_계좌!F30&IF(통지처_계좌!G30="","",", "&통지처_계좌!G30) | P30: =통지처_계좌!I30 | Q30: 대출참여수수료약정서(Tr B 디비저축은행)(25845757.v3)
C31: Tranche A-1 소계 | G31: =SUMIF($B$5:$B$30,"A-1",$G$5:$G$30)
C32: Tranche A-2 소계 | G32: =SUMIF($B$5:$B$30,"A-2",$G$5:$G$30)
C33: Tranche B 소계 | G33: =SUMIF($B$5:$B$30,"B",$G$5:$G$30)
C34: 선순위(Tranche A) 합계 | G34: =G31+G32
C35: 중순위(Tranche B) 합계 | G35: =G33
C36: 총 합계 | G36: =SUM(G5:G30)
A38: ※ 우리은행은 주선수수료(8.3억)와 참여수수료(5.6억) 두 건이며, 계좌가 다르면 해당 행 J~L열에 직접 입력하세요(수식을 덮어씀).
A39: ※ 주선수수료(우리은행·에스비아이저축은행)는 약정서상 '부가가치세 없음'이나, 금융주선 용역의 과세 여부는 세무 확인이 필요합니다 [확인 필요].
A40: ※ 엠지캐피탈 1종 종류주식 인수수수료(30억 × 1.2% = 3,600만원)는 대출 수수료가 아니어서 이 표에 넣지 않았습니다.

Sheet 통지처_계좌
A1: 대주 통지처 및 수취계좌 (통지처: 대출약정서 최종본 부록5)
A2: 노란 칸(수취은행·계좌번호·예금주·통장사본 수령일)은 통장사본을 받은 뒤 입력하세요. 입력하면 '기표일수수료' 시트에 자동 표시됩니다.
A4: 순번 | B4: Tranche | C4: 대주명 | D4: 주소 | E4: 담당자 | F4: 전화 | G4: 휴대폰 | H4: 팩스 | I4: 전자우편 | J4: 수취은행 | K4: 계좌번호 | L4: 예금주 | M4: 통장사본 수령일 | N4: 비고 | O4: 참고: 통지처 엑셀(261012) 기재 수취계좌 (통장사본 확인 전)
A5: - | B5: 차주 | C5: 주식회사 코람코라이프로지스위탁관리부동산투자회사 | D5: 서울 강남구 삼성로 511, 4층 | E5: 안용현 차장, 염진경 과장 | F5: 02-787-0049, 02-787-0139 | I5: yonghyeonahn@koramco.com, jk.yeom@koramco.com
A6: 1 | B6: A-1 | C6: 롯데캐피탈 주식회사 | D6: 서울특별시 강남구 테헤란로 142 ARC PLACE 9층 Corporate본부 Corporate영업3팀 | E6: 곽경호 책임 | F6: 02-3451-0168 | G6: 010-9872-2219 | I6: kyungho.kwak@lotte.net, lottecap_corp3@lotte.net
A7: 2 | B7: A-1 | C7: 주식회사 우리카드 | D7: 서울특별시 종로구 종로1길 50(중학동) 케이트윈타워 A동 | E7: 강민구 과장 | F7: 02-6968-3531 | G7: 010-9764-8118 | H7: 0505-001-8544 | I7: kangmg@wooricard.com
A8: 3 | B8: A-1 | C8: 신용협동조합중앙회 | D8: 서울특별시 중구 소월로 10 단암빌딩 14층 | E8: 안소진 대리 | F8: 02-590-5849 | G8: 010-2241-1820 | I8: sjahn@cu.co.kr, cuf1803@cu.co.kr | O8: 농협 081-01-168860 / 신협중앙회
A9: 4 | B9: A-1 | C9: 서로신용협동조합 | D9: 인천광역시 서해구 가정로 288(석남동) | E9: 장성진 과장 | F9: 032-574-0166 | G9: 010-7152-5264 | I9: SJin87@cu.co.kr | O9: 신협 131-000-941666 / 서로신용협동조합
A10: 5 | B10: A-1 | C10: 수지신용협동조합 | D10: 경기도 용인시 수지구 문정로 7번길 8 1층 | E10: 권영욱 대리 | F10: 031-262-6801 | G10: 010-7143-7369 | I10: suji_youngwook@naver.com | O10: 신협 131-014-493393 / 수지신협
A11: 6 | B11: A-1 | C11: 정선신용협동조합 | D11: 강원특별자치도 정선군 정선읍 봉양6길 31 | E11: 장용현 주임 | F11: 033-563-0760 | G11: 010-6679-3464 | I11: cu04008@cu.co.kr | O11: 신협 131-019-058167 / 정선신용협동조합
A12: 7 | B12: A-1 | C12: 연희신용협동조합 | D12: 서울특별시 서대문구 연희로 64-22 | E12: 양주성 과장, 박준희 대리 | F12: 02-323-2636 | G12: 010-6519-0830, 010-8467-2620 | I12: cu01221@cu.co.kr | O12: 신협 131-000-189579 / 연희신협
A13: 8 | B13: A-1 | C13: 금모래신용협동조합 | D13: 서울시 서대문구 가재울미래로 11 (남가좌동) | E13: 정덕호 주임 | F13: 02-376-2036 | G13: 010-2527-0576 | I13: jeong0576@cu.co.kr | O13: 신협 131-000-001170 / 금모래신협
A14: 9 | B14: A-1 | C14: 남인천신용협동조합 | D14: 인천시 부평구 배곶로 64 | E14: 임인희 차장 | F14: 032-437-9563 | G14: 010-2006-7819 | I14: hee4977@cu.co.kr | O14: 신협 131-000-942952 / 남인천신협
A15: 10 | B15: A-1 | C15: 미호신용협동조합 | D15: 충청도 청주시 흥덕구 강내면 태성탑연로 448-10 | E15: 이주희 차장 | F15: 043-232-2652 | G15: 010-7735-5225 | I15: cu05053@cu.co.kr | O15: 신협 131-002-821894 / 미호신협
A16: 11 | B16: A-1 | C16: 대구대서신용협동조합 | D16: 대구 서구 서대구로305, 1층 | E16: 곽경열 대리 | F16: 053-351-9500 | G16: 010-8740-2848 | I16: kklcome@cu.co.kr | O16: 신협 131-005-005290 / 대구대서신용협동조합
A17: 12 | B17: A-1 | C17: 한빛신용협동조합 | D17: 대전 대덕구 계족산로81번길 87 | E17: 구진숙 차장 | F17: 042-627-4501 | G17: 010-6608-1804 | I17: cjlover1804@cu.co.kr | O17: 신협 131-003-657209 / 한빛신용협동조합
A18: 13 | B18: A-1 | C18: 양동행복 신용협동조합 | D18: 전남광주통합특별시 서구 천변좌로 238(양동) | E18: 안혜진 과장 | F18: 062-454-6514 | G18: 010-5694-2003 | I18: 080762002002@cu.co.kr | O18: 신협 131-021-819738 / 양동행복신용협동조합
A19: 14 | B19: A-1 | C19: 서귀포동부신용협동조합 | D19: 제주특별자치도 서귀포시 효돈로 136 | E19: 홍영기 대리 | F19: 064-767-2820 | G19: 010-7564-0888 | I19: cu11008@cu.co.kr | O19: 신협 131-005-410020 / 서귀포동부신협
... A24: 19 | B24: A-1 | C24: 북인천신용협동조합 | D24: 인천광역시 부평구 후정로 8, 상가2동 B04호 | E24: 김희승 과장 | F24: 032-516-8101 | G24: 010-9664-0702 | I24: kkhs101@nate.com, cu03236@cu.co.kr | O24: 신협 131-002-051950 / 북인천신용협동조합
A25: 20 | B25: A-1 | C25: 수협은행 | D25: 서울특별시 동작구 동작대로 43, 1층 수협은행 사당역지점 | E25: 이진용 대리 | F25: 02-874-8781(내선: 4518) | G25: 010-6828-8205 | H25: 02-585-7745 | I25: rinyong2@suhyup-bank.com
A26: 21 | B26: A-1 | C26: 주식회사 에스비아이저축은행 | D26: 서울특별시 중구 을지로5길 26, 9층(수하동, 미래에셋센터원빌딩 동관) | E26: 이정민 매니저 | F26: 02-3416-4828 | G26: 010-9158-6842 | H26: 02-2136-0293 | I26: ljm88@sbisb.co.kr
A27: 22 | B27: A-2 | C27: 주식회사 우리은행 | D27: 서울특별시 영등포구 여의대로 108, 34층(여의도동, 파크원) | E27: 이인환 과장, 홍진경 과장 | F27: 02-2002-5921, 02-2002-4567 | I27: gsk3150@wooribank.com, jkhong@wooribank.com
A28: 23 | B28: B | C28: 키움캐피탈 주식회사 | D28: 서울특별시 영등포구 여의대로 66, 17층 | E28: 이승근 주임 | F28: 02-780-4295 | G28: 010-4339-3878 | H28: 02-780-1517 | I28: tmd283@kiwoomcapital.com
A29: 24 | B29: B | C29: 엠지캐피탈 주식회사 | D29: 서울특별시 중구 남대문로 55, MG파이낸스센터 12층 | E29: 박소현 과장 | F29: 02-2200-7423 | G29: 010-5241-8897 | H29: 02-511-3021 | I29: sopark@mgcap.co.kr
A30: 25 | B30: B | C30: 주식회사 디비저축은행 | D30: 서울특별시 중구 남대문로 113, 다동 | E30: 정성범 선임 | F30: 02-3705-1759 | G30: 010-4440-4730 | H30: 02-3705-1850 | I30: seongbeom4730j@dbgroup.co.kr
A32: ※ 통지처 원문의 '서울시·충청도' 등 약식 표기는 원문 그대로 두었습니다(미호신협 주소는 충청북도). 수협은행 통지처는 사당역지점입니다.
A33: ※ O열은 대주가 통지처 엑셀에 적어 낸 계좌로, 통장사본으로 확인한 값이 아닙니다. 통장사본과 대조한 뒤 J~L열에 입력하세요.

Sheet 대주목록
A1: 대주별 대출약정금 (대출약정서 최종본 별지)
A3: 순번 | B3: Tranche | C3: 대주명 | D3: 대출약정금(원) | E3: 금리 구분 | F3: 최초 이자기간 적용금리
A4: 1 | B4: A-1 | C4: 롯데캐피탈 주식회사 | D4: 30000000000 | E4: 고정 연 5.00% | F4: =IF(B4="A-1",RateA1,IF(B4="A-2",CD1+SpreadA2,RateB))
A5: 2 | B5: A-1 | C5: 주식회사 우리카드 | D5: 10000000000 | E5: 고정 연 5.00% | F5: =IF(B5="A-1",RateA1,IF(B5="A-2",CD1+SpreadA2,RateB))
A6: 3 | B6: A-1 | C6: 신용협동조합중앙회 | D6: 100000000 | E6: 고정 연 5.00% | F6: =IF(B6="A-1",RateA1,IF(B6="A-2",CD1+SpreadA2,RateB))
A7: 4 | B7: A-1 | C7: 서로신용협동조합 | D7: 4000000000 | E7: 고정 연 5.00% | F7: =IF(B7="A-1",RateA1,IF(B7="A-2",CD1+SpreadA2,RateB))
A8: 5 | B8: A-1 | C8: 수지신용협동조합 | D8: 2800000000 | E8: 고정 연 5.00% | F8: =IF(B8="A-1",RateA1,IF(B8="A-2",CD1+SpreadA2,RateB))
A9: 6 | B9: A-1 | C9: 정선신용협동조합 | D9: 2400000000 | E9: 고정 연 5.00% | F9: =IF(B9="A-1",RateA1,IF(B9="A-2",CD1+SpreadA2,RateB))
A10: 7 | B10: A-1 | C10: 연희신용협동조합 | D10: 1400000000 | E10: 고정 연 5.00% | F10: =IF(B10="A-1",RateA1,IF(B10="A-2",CD1+SpreadA2,RateB))
A11: 8 | B11: A-1 | C11: 금모래신용협동조합 | D11: 1800000000 | E11: 고정 연 5.00% | F11: =IF(B11="A-1",RateA1,IF(B11="A-2",CD1+SpreadA2,RateB))
A12: 9 | B12: A-1 | C12: 남인천신용협동조합 | D12: 1000000000 | E12: 고정 연 5.00% | F12: =IF(B12="A-1",RateA1,IF(B12="A-2",CD1+SpreadA2,RateB))
A13: 10 | B13: A-1 | C13: 미호신용협동조합 | D13: 1300000000 | E13: 고정 연 5.00% | F13: =IF(B13="A-1",RateA1,IF(B13="A-2",CD1+SpreadA2,RateB))
A14: 11 | B14: A-1 | C14: 대구대서신용협동조합 | D14: 1300000000 | E14: 고정 연 5.00% | F14: =IF(B14="A-1",RateA1,IF(B14="A-2",CD1+SpreadA2,RateB))
A15: 12 | B15: A-1 | C15: 한빛신용협동조합 | D15: 1700000000 | E15: 고정 연 5.00% | F15: =IF(B15="A-1",RateA1,IF(B15="A-2",CD1+SpreadA2,RateB))
A16: 13 | B16: A-1 | C16: 양동행복 신용협동조합 | D16: 1900000000 | E16: 고정 연 5.00% | F16: =IF(B16="A-1",RateA1,IF(B16="A-2",CD1+SpreadA2,RateB))
A17: 14 | B17: A-1 | C17: 서귀포동부신용협동조합 | D17: 1200000000 | E17: 고정 연 5.00% | F17: =IF(B17="A-1",RateA1,IF(B17="A-2",CD1+SpreadA2,RateB))
A18: 15 | B18: A-1 | C18: 광주어룡신용협동조합 | D18: 2700000000 | E18: 고정 연 5.00% | F18: =IF(B18="A-1",RateA1,IF(B18="A-2",CD1+SpreadA2,RateB))
A19: 16 | B19: A-1 | C19: 광주미래신용협동조합 | D19: 1400000000 | E19: 고정 연 5.00% | F19: =IF(B19="A-1",RateA1,IF(B19="A-2",CD1+SpreadA2,RateB))
A20: 17 | B20: A-1 | C20: 새안양 신용협동조합 | D20: 4000000000 | E20: 고정 연 5.00% | F20: =IF(B20="A-1",RateA1,IF(B20="A-2",CD1+SpreadA2,RateB))
A21: 18 | B21: A-1 | C21: 남수원 신용협동조합 | D21: 300000000 | E21: 고정 연 5.00% | F21: =IF(B21="A-1",RateA1,IF(B21="A-2",CD1+SpreadA2,RateB))
A22: 19 | B22: A-1 | C22: 북인천신용협동조합 | D22: 700000000 | E22: 고정 연 5.00% | F22: =IF(B22="A-1",RateA1,IF(B22="A-2",CD1+SpreadA2,RateB))
A23: 20 | B23: A-1 | C23: 수협은행 | D23: 10000000000 | E23: 고정 연 5.00% | F23: =IF(B23="A-1",RateA1,IF(B23="A-2",CD1+SpreadA2,RateB))
A24: 21 | B24: A-1 | C24: 주식회사 에스비아이저축은행 | D24: 10000000000 | E24: 고정 연 5.00% | F24: =IF(B24="A-1",RateA1,IF(B24="A-2",CD1+SpreadA2,RateB))
A25: 22 | B25: A-2 | C25: 주식회사 우리은행 | D25: 70000000000 | E25: 변동 CD+1.43% | F25: =IF(B25="A-1",RateA1,IF(B25="A-2",CD1+SpreadA2,RateB))
A26: 23 | B26: B | C26: 키움캐피탈 주식회사 | D26: 20000000000 | E26: 고정 연 6.00% | F26: =IF(B26="A-1",RateA1,IF(B26="A-2",CD1+SpreadA2,RateB))
A27: 24 | B27: B | C27: 엠지캐피탈 주식회사 | D27: 10000000000 | E27: 고정 연 6.00% | F27: =IF(B27="A-1",RateA1,IF(B27="A-2",CD1+SpreadA2,RateB))
A28: 25 | B28: B | C28: 주식회사 디비저축은행 | D28: 8000000000 | E28: 고정 연 6.00% | F28: =IF(B28="A-1",RateA1,IF(B28="A-2",CD1+SpreadA2,RateB))
C29: Tranche A-1 소계 | D29: =SUMIF($B$4:$B$28,"A-1",$D$4:$D$28)
C30: Tranche A-2 소계 | D30: =SUMIF($B$4:$B$28,"A-2",$D$4:$D$28)
C31: Tranche B 소계 | D31: =SUMIF($B$4:$B$28,"B",$D$4:$D$28)
C32: 합계 | D32: =SUM(D4:D28)

Sheet 휴일
A1: 은행 휴무일 목록 (영업일 조정에 사용, 행 추가 가능)
A3: 일자 | B3: 명칭 | C3: 요일
A4: 46381 | B4: 성탄절 | C4: =IF(A4="","",TEXT(A4,"aaa"))
A5: 46387 | B5: 은행 연말 휴무 | C5: =IF(A5="","",TEXT(A5,"aaa"))
A6: 46388 | B6: 신정 | C6: =IF(A6="","",TEXT(A6,"aaa"))
A7: 46424 | B7: 설날 연휴 | C7: =IF(A7="","",TEXT(A7,"aaa"))
A8: 46425 | B8: 설날 | C8: =IF(A8="","",TEXT(A8,"aaa"))
A9: 46426 | B9: 설날 연휴 | C9: =IF(A9="","",TEXT(A9,"aaa"))
A10: 46427 | B10: 대체공휴일(설날) | C10: =IF(A10="","",TEXT(A10,"aaa"))
A11: 46447 | B11: 삼일절 | C11: =IF(A11="","",TEXT(A11,"aaa"))
A12: 46508 | B12: 근로자의 날(은행 휴무) | C12: =IF(A12="","",TEXT(A12,"aaa"))
A13: 46512 | B13: 어린이날 | C13: =IF(A13="","",TEXT(A13,"aaa"))
A14: 46520 | B14: 부처님오신날 | C14: =IF(A14="","",TEXT(A14,"aaa"))
A15: 46544 | B15: 현충일 | C15: =IF(A15="","",TEXT(A15,"aaa"))
... A44: 47112 | B44: 성탄절 | C44: =IF(A44="","",TEXT(A44,"aaa"))
A67: ※ 2027~2028년 공휴일(설·추석·부처님오신날 음력 환산, 대체공휴일)은 작성자가 추정한 값입니다. 정부 발표(관보)로 확인하고, 임시공휴일·선거일이 지정되면 빈 행에 추가하세요.
